problem,problem_type,n,instance,algorithm,config_label,seed,rho,archive_size,num_ants,q0,alpha,beta,max_iterations,fitness_evaluations,iterations,final_fitness,reached_optimum,best_cost,gap_percent,elapsed_seconds
onemax,bitstring,100,,MMAS,"rho=0.05, ants=10",0,0.05,,10,,,,50000,1570,156,100,True,,,0.01410818099975586
onemax,bitstring,100,,MMAS,"rho=0.05, ants=10",1,0.05,,10,,,,50000,2280,227,100,True,,,0.0197908878326416
onemax,bitstring,100,,MMAS,"rho=0.05, ants=10",2,0.05,,10,,,,50000,1670,166,100,True,,,0.014117956161499023
onemax,bitstring,100,,MMAS,"rho=0.05, ants=10",3,0.05,,10,,,,50000,2060,205,100,True,,,0.017564058303833008
onemax,bitstring,100,,MMAS,"rho=0.05, ants=10",4,0.05,,10,,,,50000,1960,195,100,True,,,0.016783952713012695
onemax,bitstring,100,,MMAS,"rho=0.1, ants=10",0,0.1,,10,,,,50000,1500,149,100,True,,,0.012720823287963867
onemax,bitstring,100,,MMAS,"rho=0.1, ants=10",1,0.1,,10,,,,50000,2060,205,100,True,,,0.017503976821899414
onemax,bitstring,100,,MMAS,"rho=0.1, ants=10",2,0.1,,10,,,,50000,1810,180,100,True,,,0.015285015106201172
onemax,bitstring,100,,MMAS,"rho=0.1, ants=10",3,0.1,,10,,,,50000,1140,113,100,True,,,0.009799957275390625
onemax,bitstring,100,,MMAS,"rho=0.1, ants=10",4,0.1,,10,,,,50000,1540,153,100,True,,,0.013520240783691406
onemax,bitstring,100,,MMAS,"rho=0.5, ants=10",0,0.5,,10,,,,50000,1350,134,100,True,,,0.011207103729248047
onemax,bitstring,100,,MMAS,"rho=0.5, ants=10",1,0.5,,10,,,,50000,1240,123,100,True,,,0.01043701171875
onemax,bitstring,100,,MMAS,"rho=0.5, ants=10",2,0.5,,10,,,,50000,1070,106,100,True,,,0.009029150009155273
onemax,bitstring,100,,MMAS,"rho=0.5, ants=10",3,0.5,,10,,,,50000,1040,103,100,True,,,0.008949995040893555
onemax,bitstring,100,,MMAS,"rho=0.5, ants=10",4,0.5,,10,,,,50000,1870,186,100,True,,,0.01584315299987793
onemax,bitstring,100,,P-ACO,"K=10, ants=30, q0=0.7",0,,10,30,0.7,,,50000,180,5,100,True,,,0.0025131702423095703
onemax,bitstring,100,,P-ACO,"K=10, ants=30, q0=0.7",1,,10,30,0.7,,,50000,210,6,100,True,,,0.002579212188720703
onemax,bitstring,100,,P-ACO,"K=10, ants=30, q0=0.7",2,,10,30,0.7,,,50000,240,7,100,True,,,0.0033369064331054688
onemax,bitstring,100,,P-ACO,"K=10, ants=30, q0=0.7",3,,10,30,0.7,,,50000,210,6,100,True,,,0.0026290416717529297
onemax,bitstring,100,,P-ACO,"K=10, ants=30, q0=0.7",4,,10,30,0.7,,,50000,210,6,100,True,,,0.002674102783203125
onemax,bitstring,100,,P-ACO,"K=10, ants=30, q0=0.9",0,,10,30,0.9,,,50000,540,17,100,True,,,0.006608009338378906
onemax,bitstring,100,,P-ACO,"K=10, ants=30, q0=0.9",1,,10,30,0.9,,,50000,540,17,100,True,,,0.006523847579956055
onemax,bitstring,100,,P-ACO,"K=10, ants=30, q0=0.9",2,,10,30,0.9,,,50000,540,17,100,True,,,0.006747722625732422
onemax,bitstring,100,,P-ACO,"K=10, ants=30, q0=0.9",3,,10,30,0.9,,,50000,540,17,100,True,,,0.006809711456298828
onemax,bitstring,100,,P-ACO,"K=10, ants=30, q0=0.9",4,,10,30,0.9,,,50000,570,18,100,True,,,0.007260322570800781
onemax,bitstring,100,,P-ACO,"K=20, ants=30, q0=0.7",0,,20,30,0.7,,,50000,120,3,100,True,,,0.0015690326690673828
onemax,bitstring,100,,P-ACO,"K=20, ants=30, q0=0.7",1,,20,30,0.7,,,50000,120,3,100,True,,,0.0014977455139160156
onemax,bitstring,100,,P-ACO,"K=20, ants=30, q0=0.7",2,,20,30,0.7,,,50000,150,4,100,True,,,0.002003908157348633
onemax,bitstring,100,,P-ACO,"K=20, ants=30, q0=0.7",3,,20,30,0.7,,,50000,120,3,100,True,,,0.001598358154296875
onemax,bitstring,100,,P-ACO,"K=20, ants=30, q0=0.7",4,,20,30,0.7,,,50000,150,4,100,True,,,0.002044200897216797
onemax,bitstring,100,,P-ACO,"K=20, ants=30, q0=0.9",0,,20,30,0.9,,,50000,450,14,100,True,,,0.005673885345458984
onemax,bitstring,100,,P-ACO,"K=20, ants=30, q0=0.9",1,,20,30,0.9,,,50000,390,12,100,True,,,0.00493311882019043
onemax,bitstring,100,,P-ACO,"K=20, ants=30, q0=0.9",2,,20,30,0.9,,,50000,450,14,100,True,,,0.005352973937988281
onemax,bitstring,100,,P-ACO,"K=20, ants=30, q0=0.9",3,,20,30,0.9,,,50000,390,12,100,True,,,0.0051898956298828125
onemax,bitstring,100,,P-ACO,"K=20, ants=30, q0=0.9",4,,20,30,0.9,,,50000,570,18,100,True,,,0.007148027420043945
onemax,bitstring,300,,MMAS,"rho=0.05, ants=10",0,0.05,,10,,,,50000,7600,759,300,True,,,0.18644285202026367
onemax,bitstring,300,,MMAS,"rho=0.05, ants=10",1,0.05,,10,,,,50000,8260,825,300,True,,,0.20016980171203613
onemax,bitstring,300,,MMAS,"rho=0.05, ants=10",2,0.05,,10,,,,50000,7490,748,300,True,,,0.18960928916931152
onemax,bitstring,300,,MMAS,"rho=0.05, ants=10",3,0.05,,10,,,,50000,8700,869,300,True,,,0.21266412734985352
onemax,bitstring,300,,MMAS,"rho=0.05, ants=10",4,0.05,,10,,,,50000,8100,809,300,True,,,0.21779203414916992
onemax,bitstring,300,,MMAS,"rho=0.1, ants=10",0,0.1,,10,,,,50000,6550,654,300,True,,,0.16121387481689453
onemax,bitstring,300,,MMAS,"rho=0.1, ants=10",1,0.1,,10,,,,50000,6290,628,300,True,,,0.15100479125976562
onemax,bitstring,300,,MMAS,"rho=0.1, ants=10",2,0.1,,10,,,,50000,5920,591,300,True,,,0.1457371711730957
onemax,bitstring,300,,MMAS,"rho=0.1, ants=10",3,0.1,,10,,,,50000,4870,486,300,True,,,0.12008810043334961
onemax,bitstring,300,,MMAS,"rho=0.1, ants=10",4,0.1,,10,,,,50000,5800,579,300,True,,,0.14130091667175293
onemax,bitstring,300,,MMAS,"rho=0.5, ants=10",0,0.5,,10,,,,50000,5450,544,300,True,,,0.12984299659729004
onemax,bitstring,300,,MMAS,"rho=0.5, ants=10",1,0.5,,10,,,,50000,3220,321,300,True,,,0.07710099220275879
onemax,bitstring,300,,MMAS,"rho=0.5, ants=10",2,0.5,,10,,,,50000,5220,521,300,True,,,0.12489509582519531
onemax,bitstring,300,,MMAS,"rho=0.5, ants=10",3,0.5,,10,,,,50000,6460,645,300,True,,,0.1559300422668457
onemax,bitstring,300,,MMAS,"rho=0.5, ants=10",4,0.5,,10,,,,50000,4720,471,300,True,,,0.11285614967346191
onemax,bitstring,300,,P-ACO,"K=10, ants=30, q0=0.7",0,,10,30,0.7,,,50000,330,10,300,True,,,0.011838197708129883
onemax,bitstring,300,,P-ACO,"K=10, ants=30, q0=0.7",1,,10,30,0.7,,,50000,330,10,300,True,,,0.012130022048950195
onemax,bitstring,300,,P-ACO,"K=10, ants=30, q0=0.7",2,,10,30,0.7,,,50000,390,12,300,True,,,0.014657974243164062
onemax,bitstring,300,,P-ACO,"K=10, ants=30, q0=0.7",3,,10,30,0.7,,,50000,360,11,300,True,,,0.01324009895324707
onemax,bitstring,300,,P-ACO,"K=10, ants=30, q0=0.7",4,,10,30,0.7,,,50000,360,11,300,True,,,0.013525009155273438
onemax,bitstring,300,,P-ACO,"K=10, ants=30, q0=0.9",0,,10,30,0.9,,,50000,900,29,300,True,,,0.03276968002319336
onemax,bitstring,300,,P-ACO,"K=10, ants=30, q0=0.9",1,,10,30,0.9,,,50000,900,29,300,True,,,0.03241896629333496
onemax,bitstring,300,,P-ACO,"K=10, ants=30, q0=0.9",2,,10,30,0.9,,,50000,930,30,300,True,,,0.0324399471282959
onemax,bitstring,300,,P-ACO,"K=10, ants=30, q0=0.9",3,,10,30,0.9,,,50000,810,26,300,True,,,0.02838134765625
onemax,bitstring,300,,P-ACO,"K=10, ants=30, q0=0.9",4,,10,30,0.9,,,50000,900,29,300,True,,,0.0316309928894043
onemax,bitstring,300,,P-ACO,"K=20, ants=30, q0=0.7",0,,20,30,0.7,,,50000,180,5,300,True,,,0.006737232208251953
onemax,bitstring,300,,P-ACO,"K=20, ants=30, q0=0.7",1,,20,30,0.7,,,50000,240,7,300,True,,,0.009020090103149414
onemax,bitstring,300,,P-ACO,"K=20, ants=30, q0=0.7",2,,20,30,0.7,,,50000,180,5,300,True,,,0.0066301822662353516
onemax,bitstring,300,,P-ACO,"K=20, ants=30, q0=0.7",3,,20,30,0.7,,,50000,240,7,300,True,,,0.008810043334960938
onemax,bitstring,300,,P-ACO,"K=20, ants=30, q0=0.7",4,,20,30,0.7,,,50000,210,6,300,True,,,0.008070945739746094
onemax,bitstring,300,,P-ACO,"K=20, ants=30, q0=0.9",0,,20,30,0.9,,,50000,720,23,300,True,,,0.025381088256835938
onemax,bitstring,300,,P-ACO,"K=20, ants=30, q0=0.9",1,,20,30,0.9,,,50000,750,24,300,True,,,0.02590322494506836
onemax,bitstring,300,,P-ACO,"K=20, ants=30, q0=0.9",2,,20,30,0.9,,,50000,750,24,300,True,,,0.0265350341796875
onemax,bitstring,300,,P-ACO,"K=20, ants=30, q0=0.9",3,,20,30,0.9,,,50000,660,21,300,True,,,0.02285289764404297
onemax,bitstring,300,,P-ACO,"K=20, ants=30, q0=0.9",4,,20,30,0.9,,,50000,690,22,300,True,,,0.024402856826782227
onemax,bitstring,500,,MMAS,"rho=0.05, ants=10",0,0.05,,10,,,,50000,13290,1328,500,True,,,0.5609829425811768
onemax,bitstring,500,,MMAS,"rho=0.05, ants=10",1,0.05,,10,,,,50000,12560,1255,500,True,,,0.5239500999450684
onemax,bitstring,500,,MMAS,"rho=0.05, ants=10",2,0.05,,10,,,,50000,13670,1366,500,True,,,0.569101095199585
onemax,bitstring,500,,MMAS,"rho=0.05, ants=10",3,0.05,,10,,,,50000,12600,1259,500,True,,,0.5616791248321533
onemax,bitstring,500,,MMAS,"rho=0.05, ants=10",4,0.05,,10,,,,50000,14150,1414,500,True,,,0.5965921878814697
onemax,bitstring,500,,MMAS,"rho=0.1, ants=10",0,0.1,,10,,,,50000,10350,1034,500,True,,,0.44051694869995117
onemax,bitstring,500,,MMAS,"rho=0.1, ants=10",1,0.1,,10,,,,50000,9390,938,500,True,,,0.3970191478729248
onemax,bitstring,500,,MMAS,"rho=0.1, ants=10",2,0.1,,10,,,,50000,11190,1118,500,True,,,0.470181941986084
onemax,bitstring,500,,MMAS,"rho=0.1, ants=10",3,0.1,,10,,,,50000,10940,1093,500,True,,,0.46381092071533203
onemax,bitstring,500,,MMAS,"rho=0.1, ants=10",4,0.1,,10,,,,50000,13480,1347,500,True,,,0.5710060596466064
onemax,bitstring,500,,MMAS,"rho=0.5, ants=10",0,0.5,,10,,,,50000,5820,581,500,True,,,0.24408698081970215
onemax,bitstring,500,,MMAS,"rho=0.5, ants=10",1,0.5,,10,,,,50000,6520,651,500,True,,,0.27518391609191895
onemax,bitstring,500,,MMAS,"rho=0.5, ants=10",2,0.5,,10,,,,50000,9990,998,500,True,,,0.4183809757232666
onemax,bitstring,500,,MMAS,"rho=0.5, ants=10",3,0.5,,10,,,,50000,7070,706,500,True,,,0.2984349727630615
onemax,bitstring,500,,MMAS,"rho=0.5, ants=10",4,0.5,,10,,,,50000,6890,688,500,True,,,0.2895348072052002
onemax,bitstring,500,,P-ACO,"K=10, ants=30, q0=0.7",0,,10,30,0.7,,,50000,360,11,500,True,,,0.022784948348999023
onemax,bitstring,500,,P-ACO,"K=10, ants=30, q0=0.7",1,,10,30,0.7,,,50000,360,11,500,True,,,0.022708415985107422
onemax,bitstring,500,,P-ACO,"K=10, ants=30, q0=0.7",2,,10,30,0.7,,,50000,360,11,500,True,,,0.022697925567626953
onemax,bitstring,500,,P-ACO,"K=10, ants=30, q0=0.7",3,,10,30,0.7,,,50000,390,12,500,True,,,0.02462315559387207
onemax,bitstring,500,,P-ACO,"K=10, ants=30, q0=0.7",4,,10,30,0.7,,,50000,390,12,500,True,,,0.02430891990661621
onemax,bitstring,500,,P-ACO,"K=10, ants=30, q0=0.9",0,,10,30,0.9,,,50000,1110,36,500,True,,,0.06605386734008789
onemax,bitstring,500,,P-ACO,"K=10, ants=30, q0=0.9",1,,10,30,0.9,,,50000,1050,34,500,True,,,0.06260299682617188
onemax,bitstring,500,,P-ACO,"K=10, ants=30, q0=0.9",2,,10,30,0.9,,,50000,1110,36,500,True,,,0.06589388847351074
onemax,bitstring,500,,P-ACO,"K=10, ants=30, q0=0.9",3,,10,30,0.9,,,50000,1080,35,500,True,,,0.06473016738891602
onemax,bitstring,500,,P-ACO,"K=10, ants=30, q0=0.9",4,,10,30,0.9,,,50000,990,32,500,True,,,0.05980491638183594
onemax,bitstring,500,,P-ACO,"K=20, ants=30, q0=0.7",0,,20,30,0.7,,,50000,180,5,500,True,,,0.011337041854858398
onemax,bitstring,500,,P-ACO,"K=20, ants=30, q0=0.7",1,,20,30,0.7,,,50000,240,7,500,True,,,0.015033960342407227
onemax,bitstring,500,,P-ACO,"K=20, ants=30, q0=0.7",2,,20,30,0.7,,,50000,240,7,500,True,,,0.015243053436279297
onemax,bitstring,500,,P-ACO,"K=20, ants=30, q0=0.7",3,,20,30,0.7,,,50000,210,6,500,True,,,0.013580083847045898
onemax,bitstring,500,,P-ACO,"K=20, ants=30, q0=0.7",4,,20,30,0.7,,,50000,240,7,500,True,,,0.015129804611206055
onemax,bitstring,500,,P-ACO,"K=20, ants=30, q0=0.9",0,,20,30,0.9,,,50000,960,31,500,True,,,0.05710196495056152
onemax,bitstring,500,,P-ACO,"K=20, ants=30, q0=0.9",1,,20,30,0.9,,,50000,900,29,500,True,,,0.0540771484375
onemax,bitstring,500,,P-ACO,"K=20, ants=30, q0=0.9",2,,20,30,0.9,,,50000,870,28,500,True,,,0.05246424674987793
onemax,bitstring,500,,P-ACO,"K=20, ants=30, q0=0.9",3,,20,30,0.9,,,50000,930,30,500,True,,,0.056305885314941406
onemax,bitstring,500,,P-ACO,"K=20, ants=30, q0=0.9",4,,20,30,0.9,,,50000,870,28,500,True,,,0.05207109451293945
leadingones,bitstring,100,,MMAS,"rho=0.05, ants=10",0,0.05,,10,,,,100000,12130,1212,100,True,,,0.08671736717224121
leadingones,bitstring,100,,MMAS,"rho=0.05, ants=10",1,0.05,,10,,,,100000,10100,1009,100,True,,,0.07310605049133301
leadingones,bitstring,100,,MMAS,"rho=0.05, ants=10",2,0.05,,10,,,,100000,8830,882,100,True,,,0.0634469985961914
leadingones,bitstring,100,,MMAS,"rho=0.05, ants=10",3,0.05,,10,,,,100000,8490,848,100,True,,,0.062326908111572266
leadingones,bitstring,100,,MMAS,"rho=0.05, ants=10",4,0.05,,10,,,,100000,11800,1179,100,True,,,0.0854792594909668
leadingones,bitstring,100,,MMAS,"rho=0.1, ants=10",0,0.1,,10,,,,100000,10710,1070,100,True,,,0.07734298706054688
leadingones,bitstring,100,,MMAS,"rho=0.1, ants=10",1,0.1,,10,,,,100000,12270,1226,100,True,,,0.08959531784057617
leadingones,bitstring,100,,MMAS,"rho=0.1, ants=10",2,0.1,,10,,,,100000,8300,829,100,True,,,0.06096839904785156
leadingones,bitstring,100,,MMAS,"rho=0.1, ants=10",3,0.1,,10,,,,100000,11250,1124,100,True,,,0.08071494102478027
leadingones,bitstring,100,,MMAS,"rho=0.1, ants=10",4,0.1,,10,,,,100000,7190,718,100,True,,,0.05178999900817871
leadingones,bitstring,100,,MMAS,"rho=0.5, ants=10",0,0.5,,10,,,,100000,10720,1071,100,True,,,0.0752260684967041
leadingones,bitstring,100,,MMAS,"rho=0.5, ants=10",1,0.5,,10,,,,100000,9480,947,100,True,,,0.06801390647888184
leadingones,bitstring,100,,MMAS,"rho=0.5, ants=10",2,0.5,,10,,,,100000,8270,826,100,True,,,0.05842995643615723
leadingones,bitstring,100,,MMAS,"rho=0.5, ants=10",3,0.5,,10,,,,100000,6500,649,100,True,,,0.046691179275512695
leadingones,bitstring,100,,MMAS,"rho=0.5, ants=10",4,0.5,,10,,,,100000,7180,717,100,True,,,0.05206012725830078
leadingones,bitstring,100,,P-ACO,"K=10, ants=30, q0=0.7",0,,10,30,0.7,,,100000,270,8,100,True,,,0.003125905990600586
leadingones,bitstring,100,,P-ACO,"K=10, ants=30, q0=0.7",1,,10,30,0.7,,,100000,270,8,100,True,,,0.002959012985229492
leadingones,bitstring,100,,P-ACO,"K=10, ants=30, q0=0.7",2,,10,30,0.7,,,100000,330,10,100,True,,,0.0034618377685546875
leadingones,bitstring,100,,P-ACO,"K=10, ants=30, q0=0.7",3,,10,30,0.7,,,100000,270,8,100,True,,,0.0028760433197021484
leadingones,bitstring,100,,P-ACO,"K=10, ants=30, q0=0.7",4,,10,30,0.7,,,100000,270,8,100,True,,,0.0030231475830078125
leadingones,bitstring,100,,P-ACO,"K=10, ants=30, q0=0.9",0,,10,30,0.9,,,100000,930,30,100,True,,,0.010005950927734375
leadingones,bitstring,100,,P-ACO,"K=10, ants=30, q0=0.9",1,,10,30,0.9,,,100000,1080,35,100,True,,,0.011781930923461914
leadingones,bitstring,100,,P-ACO,"K=10, ants=30, q0=0.9",2,,10,30,0.9,,,100000,960,31,100,True,,,0.010010004043579102
leadingones,bitstring,100,,P-ACO,"K=10, ants=30, q0=0.9",3,,10,30,0.9,,,100000,960,31,100,True,,,0.010326862335205078
leadingones,bitstring,100,,P-ACO,"K=10, ants=30, q0=0.9",4,,10,30,0.9,,,100000,990,32,100,True,,,0.010562896728515625
leadingones,bitstring,100,,P-ACO,"K=20, ants=30, q0=0.7",0,,20,30,0.7,,,100000,180,5,100,True,,,0.0021970272064208984
leadingones,bitstring,100,,P-ACO,"K=20, ants=30, q0=0.7",1,,20,30,0.7,,,100000,180,5,100,True,,,0.0019550323486328125
leadingones,bitstring,100,,P-ACO,"K=20, ants=30, q0=0.7",2,,20,30,0.7,,,100000,150,4,100,True,,,0.0015730857849121094
leadingones,bitstring,100,,P-ACO,"K=20, ants=30, q0=0.7",3,,20,30,0.7,,,100000,180,5,100,True,,,0.0020682811737060547
leadingones,bitstring,100,,P-ACO,"K=20, ants=30, q0=0.7",4,,20,30,0.7,,,100000,120,3,100,True,,,0.0013508796691894531
leadingones,bitstring,100,,P-ACO,"K=20, ants=30, q0=0.9",0,,20,30,0.9,,,100000,780,25,100,True,,,0.008572816848754883
leadingones,bitstring,100,,P-ACO,"K=20, ants=30, q0=0.9",1,,20,30,0.9,,,100000,990,32,100,True,,,0.010968923568725586
leadingones,bitstring,100,,P-ACO,"K=20, ants=30, q0=0.9",2,,20,30,0.9,,,100000,810,26,100,True,,,0.008529901504516602
leadingones,bitstring,100,,P-ACO,"K=20, ants=30, q0=0.9",3,,20,30,0.9,,,100000,840,27,100,True,,,0.008987903594970703
leadingones,bitstring,100,,P-ACO,"K=20, ants=30, q0=0.9",4,,20,30,0.9,,,100000,780,25,100,True,,,0.008359909057617188
leadingones,bitstring,300,,MMAS,"rho=0.05, ants=10",0,0.05,,10,,,,100000,77050,7704,300,True,,,1.5832138061523438
leadingones,bitstring,300,,MMAS,"rho=0.05, ants=10",1,0.05,,10,,,,100000,80020,8001,300,True,,,1.721085786819458
leadingones,bitstring,300,,MMAS,"rho=0.05, ants=10",2,0.05,,10,,,,100000,78000,7799,300,True,,,1.6654078960418701
leadingones,bitstring,300,,MMAS,"rho=0.05, ants=10",3,0.05,,10,,,,100000,77790,7778,300,True,,,1.5980868339538574
leadingones,bitstring,300,,MMAS,"rho=0.05, ants=10",4,0.05,,10,,,,100000,75870,7586,300,True,,,1.5783641338348389
leadingones,bitstring,300,,MMAS,"rho=0.1, ants=10",0,0.1,,10,,,,100000,68410,6840,300,True,,,1.412466049194336
leadingones,bitstring,300,,MMAS,"rho=0.1, ants=10",1,0.1,,10,,,,100000,78820,7881,300,True,,,1.6270771026611328
leadingones,bitstring,300,,MMAS,"rho=0.1, ants=10",2,0.1,,10,,,,100000,64230,6422,300,True,,,1.3074119091033936
leadingones,bitstring,300,,MMAS,"rho=0.1, ants=10",3,0.1,,10,,,,100000,79990,7998,300,True,,,1.6424510478973389
leadingones,bitstring,300,,MMAS,"rho=0.1, ants=10",4,0.1,,10,,,,100000,79010,7900,300,True,,,1.6347150802612305
leadingones,bitstring,300,,MMAS,"rho=0.5, ants=10",0,0.5,,10,,,,100000,90770,9076,300,True,,,1.8682138919830322
leadingones,bitstring,300,,MMAS,"rho=0.5, ants=10",1,0.5,,10,,,,100000,70560,7055,300,True,,,1.4443998336791992
leadingones,bitstring,300,,MMAS,"rho=0.5, ants=10",2,0.5,,10,,,,100000,92600,9259,300,True,,,1.901749849319458
leadingones,bitstring,300,,MMAS,"rho=0.5, ants=10",3,0.5,,10,,,,100000,86890,8688,300,True,,,1.7820398807525635
leadingones,bitstring,300,,MMAS,"rho=0.5, ants=10",4,0.5,,10,,,,100000,71080,7107,300,True,,,1.446362018585205
leadingones,bitstring,300,,P-ACO,"K=10, ants=30, q0=0.7",0,,10,30,0.7,,,100000,480,15,300,True,,,0.015125036239624023
leadingones,bitstring,300,,P-ACO,"K=10, ants=30, q0=0.7",1,,10,30,0.7,,,100000,450,14,300,True,,,0.014321327209472656
leadingones,bitstring,300,,P-ACO,"K=10, ants=30, q0=0.7",2,,10,30,0.7,,,100000,450,14,300,True,,,0.013863325119018555
leadingones,bitstring,300,,P-ACO,"K=10, ants=30, q0=0.7",3,,10,30,0.7,,,100000,480,15,300,True,,,0.015666961669921875
leadingones,bitstring,300,,P-ACO,"K=10, ants=30, q0=0.7",4,,10,30,0.7,,,100000,510,16,300,True,,,0.01634812355041504
leadingones,bitstring,300,,P-ACO,"K=10, ants=30, q0=0.9",0,,10,30,0.9,,,100000,1530,50,300,True,,,0.04555797576904297
leadingones,bitstring,300,,P-ACO,"K=10, ants=30, q0=0.9",1,,10,30,0.9,,,100000,1680,55,300,True,,,0.05147194862365723
leadingones,bitstring,300,,P-ACO,"K=10, ants=30, q0=0.9",2,,10,30,0.9,,,100000,1590,52,300,True,,,0.046897172927856445
leadingones,bitstring,300,,P-ACO,"K=10, ants=30, q0=0.9",3,,10,30,0.9,,,100000,1710,56,300,True,,,0.05102992057800293
leadingones,bitstring,300,,P-ACO,"K=10, ants=30, q0=0.9",4,,10,30,0.9,,,100000,1530,50,300,True,,,0.045287132263183594
leadingones,bitstring,300,,P-ACO,"K=20, ants=30, q0=0.7",0,,20,30,0.7,,,100000,330,10,300,True,,,0.010663270950317383
leadingones,bitstring,300,,P-ACO,"K=20, ants=30, q0=0.7",1,,20,30,0.7,,,100000,240,7,300,True,,,0.007555246353149414
leadingones,bitstring,300,,P-ACO,"K=20, ants=30, q0=0.7",2,,20,30,0.7,,,100000,240,7,300,True,,,0.0076749324798583984
leadingones,bitstring,300,,P-ACO,"K=20, ants=30, q0=0.7",3,,20,30,0.7,,,100000,240,7,300,True,,,0.007827997207641602
leadingones,bitstring,300,,P-ACO,"K=20, ants=30, q0=0.7",4,,20,30,0.7,,,100000,210,6,300,True,,,0.0065419673919677734
leadingones,bitstring,300,,P-ACO,"K=20, ants=30, q0=0.9",0,,20,30,0.9,,,100000,1410,46,300,True,,,0.04199028015136719
leadingones,bitstring,300,,P-ACO,"K=20, ants=30, q0=0.9",1,,20,30,0.9,,,100000,1410,46,300,True,,,0.0424799919128418
leadingones,bitstring,300,,P-ACO,"K=20, ants=30, q0=0.9",2,,20,30,0.9,,,100000,1230,40,300,True,,,0.0375669002532959
leadingones,bitstring,300,,P-ACO,"K=20, ants=30, q0=0.9",3,,20,30,0.9,,,100000,1260,41,300,True,,,0.038574934005737305
leadingones,bitstring,300,,P-ACO,"K=20, ants=30, q0=0.9",4,,20,30,0.9,,,100000,1170,38,300,True,,,0.03485274314880371
leadingones,bitstring,500,,MMAS,"rho=0.05, ants=10",0,0.05,,10,,,,100000,237140,23713,500,True,,,8.361165046691895
leadingones,bitstring,500,,MMAS,"rho=0.05, ants=10",1,0.05,,10,,,,100000,177530,17752,500,True,,,6.2681968212127686
leadingones,bitstring,500,,MMAS,"rho=0.05, ants=10",2,0.05,,10,,,,100000,226680,22667,500,True,,,7.959552049636841
leadingones,bitstring,500,,MMAS,"rho=0.05, ants=10",3,0.05,,10,,,,100000,199850,19984,500,True,,,7.075715065002441
leadingones,bitstring,500,,MMAS,"rho=0.05, ants=10",4,0.05,,10,,,,100000,190270,19026,500,True,,,6.727240085601807
leadingones,bitstring,500,,MMAS,"rho=0.1, ants=10",0,0.1,,10,,,,100000,184920,18491,500,True,,,6.651073932647705
leadingones,bitstring,500,,MMAS,"rho=0.1, ants=10",1,0.1,,10,,,,100000,216590,21658,500,True,,,7.699339866638184
leadingones,bitstring,500,,MMAS,"rho=0.1, ants=10",2,0.1,,10,,,,100000,187670,18766,500,True,,,6.703045129776001
leadingones,bitstring,500,,MMAS,"rho=0.1, ants=10",3,0.1,,10,,,,100000,210800,21079,500,True,,,7.468315124511719
leadingones,bitstring,500,,MMAS,"rho=0.1, ants=10",4,0.1,,10,,,,100000,227570,22756,500,True,,,8.059808015823364
leadingones,bitstring,500,,MMAS,"rho=0.5, ants=10",0,0.5,,10,,,,100000,215950,21594,500,True,,,7.636528968811035
leadingones,bitstring,500,,MMAS,"rho=0.5, ants=10",1,0.5,,10,,,,100000,194880,19487,500,True,,,6.883296012878418
leadingones,bitstring,500,,MMAS,"rho=0.5, ants=10",2,0.5,,10,,,,100000,230930,23092,500,True,,,8.176533937454224
leadingones,bitstring,500,,MMAS,"rho=0.5, ants=10",3,0.5,,10,,,,100000,205570,20556,500,True,,,7.3737170696258545
leadingones,bitstring,500,,MMAS,"rho=0.5, ants=10",4,0.5,,10,,,,100000,237410,23740,500,True,,,8.384890079498291
leadingones,bitstring,500,,P-ACO,"K=10, ants=30, q0=0.7",0,,10,30,0.7,,,100000,540,17,500,True,,,0.02883291244506836
leadingones,bitstring,500,,P-ACO,"K=10, ants=30, q0=0.7",1,,10,30,0.7,,,100000,540,17,500,True,,,0.029126882553100586
leadingones,bitstring,500,,P-ACO,"K=10, ants=30, q0=0.7",2,,10,30,0.7,,,100000,450,14,500,True,,,0.024025917053222656
leadingones,bitstring,500,,P-ACO,"K=10, ants=30, q0=0.7",3,,10,30,0.7,,,100000,540,17,500,True,,,0.028970956802368164
leadingones,bitstring,500,,P-ACO,"K=10, ants=30, q0=0.7",4,,10,30,0.7,,,100000,510,16,500,True,,,0.027250289916992188
leadingones,bitstring,500,,P-ACO,"K=10, ants=30, q0=0.9",0,,10,30,0.9,,,100000,1770,58,500,True,,,0.0887289047241211
leadingones,bitstring,500,,P-ACO,"K=10, ants=30, q0=0.9",1,,10,30,0.9,,,100000,1800,59,500,True,,,0.09043717384338379
leadingones,bitstring,500,,P-ACO,"K=10, ants=30, q0=0.9",2,,10,30,0.9,,,100000,1680,55,500,True,,,0.08526897430419922
leadingones,bitstring,500,,P-ACO,"K=10, ants=30, q0=0.9",3,,10,30,0.9,,,100000,1980,65,500,True,,,0.0991981029510498
leadingones,bitstring,500,,P-ACO,"K=10, ants=30, q0=0.9",4,,10,30,0.9,,,100000,1830,60,500,True,,,0.09172701835632324
leadingones,bitstring,500,,P-ACO,"K=20, ants=30, q0=0.7",0,,20,30,0.7,,,100000,330,10,500,True,,,0.018094778060913086
leadingones,bitstring,500,,P-ACO,"K=20, ants=30, q0=0.7",1,,20,30,0.7,,,100000,300,9,500,True,,,0.016351938247680664
leadingones,bitstring,500,,P-ACO,"K=20, ants=30, q0=0.7",2,,20,30,0.7,,,100000,300,9,500,True,,,0.016517162322998047
leadingones,bitstring,500,,P-ACO,"K=20, ants=30, q0=0.7",3,,20,30,0.7,,,100000,270,8,500,True,,,0.014758825302124023
leadingones,bitstring,500,,P-ACO,"K=20, ants=30, q0=0.7",4,,20,30,0.7,,,100000,420,13,500,True,,,0.023127079010009766
leadingones,bitstring,500,,P-ACO,"K=20, ants=30, q0=0.9",0,,20,30,0.9,,,100000,1650,54,500,True,,,0.08403515815734863
leadingones,bitstring,500,,P-ACO,"K=20, ants=30, q0=0.9",1,,20,30,0.9,,,100000,1590,52,500,True,,,0.08110594749450684
leadingones,bitstring,500,,P-ACO,"K=20, ants=30, q0=0.9",2,,20,30,0.9,,,100000,1620,53,500,True,,,0.08304691314697266
leadingones,bitstring,500,,P-ACO,"K=20, ants=30, q0=0.9",3,,20,30,0.9,,,100000,1620,53,500,True,,,0.08298325538635254
leadingones,bitstring,500,,P-ACO,"K=20, ants=30, q0=0.9",4,,20,30,0.9,,,100000,1590,52,500,True,,,0.08127999305725098
tsp,tsp,52,berlin52,MMAS,"rho=0.05, ants=10, beta=2",0,0.05,,10,,1.0,2.0,3000,30010,3000,,,7749,2.7446300715990453,7.371232986450195
tsp,tsp,52,berlin52,MMAS,"rho=0.05, ants=10, beta=2",1,0.05,,10,,1.0,2.0,3000,30010,3000,,,7618,1.007690267833466,7.385729074478149
tsp,tsp,52,berlin52,MMAS,"rho=0.05, ants=10, beta=2",2,0.05,,10,,1.0,2.0,3000,30010,3000,,,7542,0.0,7.414492845535278
tsp,tsp,52,berlin52,MMAS,"rho=0.05, ants=10, beta=2",3,0.05,,10,,1.0,2.0,3000,30010,3000,,,7542,0.0,7.391653776168823
tsp,tsp,52,berlin52,MMAS,"rho=0.05, ants=10, beta=2",4,0.05,,10,,1.0,2.0,3000,30010,3000,,,7542,0.0,7.40828800201416
tsp,tsp,52,berlin52,MMAS,"rho=0.05, ants=10, beta=2",5,0.05,,10,,1.0,2.0,3000,30010,3000,,,7542,0.0,7.397580146789551
tsp,tsp,52,berlin52,MMAS,"rho=0.05, ants=10, beta=2",6,0.05,,10,,1.0,2.0,3000,30010,3000,,,7991,5.953328029700345,7.519377946853638
tsp,tsp,52,berlin52,MMAS,"rho=0.05, ants=10, beta=2",7,0.05,,10,,1.0,2.0,3000,30010,3000,,,7915,4.9456377618668785,7.402676820755005
tsp,tsp,52,berlin52,MMAS,"rho=0.05, ants=10, beta=2",8,0.05,,10,,1.0,2.0,3000,30010,3000,,,7775,3.0893662158578623,7.405375003814697
tsp,tsp,52,berlin52,MMAS,"rho=0.05, ants=10, beta=2",9,0.05,,10,,1.0,2.0,3000,30010,3000,,,7715,2.2938212675682843,7.406973838806152
tsp,tsp,52,berlin52,MMAS,"rho=0.05, ants=10, beta=2",10,0.05,,10,,1.0,2.0,3000,30010,3000,,,7915,4.9456377618668785,7.407135009765625
tsp,tsp,52,berlin52,MMAS,"rho=0.05, ants=10, beta=2",11,0.05,,10,,1.0,2.0,3000,30010,3000,,,7848,4.05727923627685,7.399477958679199
tsp,tsp,52,berlin52,MMAS,"rho=0.05, ants=10, beta=2",12,0.05,,10,,1.0,2.0,3000,30010,3000,,,7741,2.638557411827102,7.405602693557739
tsp,tsp,52,berlin52,MMAS,"rho=0.05, ants=10, beta=2",13,0.05,,10,,1.0,2.0,3000,30010,3000,,,7915,4.9456377618668785,7.391932725906372
tsp,tsp,52,berlin52,MMAS,"rho=0.05, ants=10, beta=2",14,0.05,,10,,1.0,2.0,3000,30010,3000,,,7542,0.0,7.59343695640564
tsp,tsp,52,berlin52,MMAS,"rho=0.05, ants=10, beta=3",0,0.05,,10,,1.0,3.0,3000,30010,3000,,,7542,0.0,7.394834756851196
tsp,tsp,52,berlin52,MMAS,"rho=0.05, ants=10, beta=3",1,0.05,,10,,1.0,3.0,3000,30010,3000,,,7542,0.0,7.417589902877808
tsp,tsp,52,berlin52,MMAS,"rho=0.05, ants=10, beta=3",2,0.05,,10,,1.0,3.0,3000,30010,3000,,,7542,0.0,7.389007091522217
tsp,tsp,52,berlin52,MMAS,"rho=0.05, ants=10, beta=3",3,0.05,,10,,1.0,3.0,3000,30010,3000,,,7715,2.2938212675682843,7.4191460609436035
tsp,tsp,52,berlin52,MMAS,"rho=0.05, ants=10, beta=3",4,0.05,,10,,1.0,3.0,3000,30010,3000,,,7749,2.7446300715990453,7.3972179889678955
tsp,tsp,52,berlin52,MMAS,"rho=0.05, ants=10, beta=3",5,0.05,,10,,1.0,3.0,3000,30010,3000,,,7715,2.2938212675682843,7.400306224822998
tsp,tsp,52,berlin52,MMAS,"rho=0.05, ants=10, beta=3",6,0.05,,10,,1.0,3.0,3000,30010,3000,,,7902,4.77326968973747,7.395385026931763
tsp,tsp,52,berlin52,MMAS,"rho=0.05, ants=10, beta=3",7,0.05,,10,,1.0,3.0,3000,30010,3000,,,7542,0.0,7.49032187461853
tsp,tsp,52,berlin52,MMAS,"rho=0.05, ants=10, beta=3",8,0.05,,10,,1.0,3.0,3000,30010,3000,,,7749,2.7446300715990453,7.395761966705322
tsp,tsp,52,berlin52,MMAS,"rho=0.05, ants=10, beta=3",9,0.05,,10,,1.0,3.0,3000,30010,3000,,,7715,2.2938212675682843,7.406876087188721
tsp,tsp,52,berlin52,MMAS,"rho=0.05, ants=10, beta=3",10,0.05,,10,,1.0,3.0,3000,30010,3000,,,7542,0.0,7.3978869915008545
tsp,tsp,52,berlin52,MMAS,"rho=0.05, ants=10, beta=3",11,0.05,,10,,1.0,3.0,3000,30010,3000,,,7542,0.0,7.434016942977905
tsp,tsp,52,berlin52,MMAS,"rho=0.05, ants=10, beta=3",12,0.05,,10,,1.0,3.0,3000,30010,3000,,,7542,0.0,7.395414113998413
tsp,tsp,52,berlin52,MMAS,"rho=0.05, ants=10, beta=3",13,0.05,,10,,1.0,3.0,3000,30010,3000,,,7542,0.0,7.397775888442993
tsp,tsp,52,berlin52,MMAS,"rho=0.05, ants=10, beta=3",14,0.05,,10,,1.0,3.0,3000,30010,3000,,,7542,0.0,7.398962020874023
tsp,tsp,52,berlin52,MMAS,"rho=0.1, ants=10, beta=2",0,0.1,,10,,1.0,2.0,3000,30010,3000,,,7858,4.18987006099178,7.492400169372559
tsp,tsp,52,berlin52,MMAS,"rho=0.1, ants=10, beta=2",1,0.1,,10,,1.0,2.0,3000,30010,3000,,,7741,2.638557411827102,7.4362828731536865
tsp,tsp,52,berlin52,MMAS,"rho=0.1, ants=10, beta=2",2,0.1,,10,,1.0,2.0,3000,30010,3000,,,7542,0.0,7.3956520557403564
tsp,tsp,52,berlin52,MMAS,"rho=0.1, ants=10, beta=2",3,0.1,,10,,1.0,2.0,3000,30010,3000,,,7848,4.05727923627685,7.4147162437438965
tsp,tsp,52,berlin52,MMAS,"rho=0.1, ants=10, beta=2",4,0.1,,10,,1.0,2.0,3000,30010,3000,,,7542,0.0,7.412230968475342
tsp,tsp,52,berlin52,MMAS,"rho=0.1, ants=10, beta=2",5,0.1,,10,,1.0,2.0,3000,30010,3000,,,7715,2.2938212675682843,7.409106016159058
tsp,tsp,52,berlin52,MMAS,"rho=0.1, ants=10, beta=2",6,0.1,,10,,1.0,2.0,3000,30010,3000,,,8215,8.92336250331477,7.417352199554443
tsp,tsp,52,berlin52,MMAS,"rho=0.1, ants=10, beta=2",7,0.1,,10,,1.0,2.0,3000,30010,3000,,,7944,5.330151153540175,7.401807069778442
tsp,tsp,52,berlin52,MMAS,"rho=0.1, ants=10, beta=2",8,0.1,,10,,1.0,2.0,3000,30010,3000,,,7542,0.0,7.430541038513184
tsp,tsp,52,berlin52,MMAS,"rho=0.1, ants=10, beta=2",9,0.1,,10,,1.0,2.0,3000,30010,3000,,,7542,0.0,7.406702995300293
tsp,tsp,52,berlin52,MMAS,"rho=0.1, ants=10, beta=2",10,0.1,,10,,1.0,2.0,3000,30010,3000,,,7542,0.0,7.402066946029663
tsp,tsp,52,berlin52,MMAS,"rho=0.1, ants=10, beta=2",11,0.1,,10,,1.0,2.0,3000,30010,3000,,,7907,4.8395651020949355,7.405265808105469
tsp,tsp,52,berlin52,MMAS,"rho=0.1, ants=10, beta=2",12,0.1,,10,,1.0,2.0,3000,30010,3000,,,7756,2.8374436488994963,7.443406105041504
tsp,tsp,52,berlin52,MMAS,"rho=0.1, ants=10, beta=2",13,0.1,,10,,1.0,2.0,3000,30010,3000,,,7542,0.0,7.411059379577637
tsp,tsp,52,berlin52,MMAS,"rho=0.1, ants=10, beta=2",14,0.1,,10,,1.0,2.0,3000,30010,3000,,,7815,3.619729514717582,7.409749984741211
tsp,tsp,52,berlin52,MMAS,"rho=0.1, ants=10, beta=3",0,0.1,,10,,1.0,3.0,3000,30010,3000,,,7715,2.2938212675682843,7.403976917266846
tsp,tsp,52,berlin52,MMAS,"rho=0.1, ants=10, beta=3",1,0.1,,10,,1.0,3.0,3000,30010,3000,,,7542,0.0,7.514949083328247
tsp,tsp,52,berlin52,MMAS,"rho=0.1, ants=10, beta=3",2,0.1,,10,,1.0,3.0,3000,30010,3000,,,7542,0.0,7.404040098190308
tsp,tsp,52,berlin52,MMAS,"rho=0.1, ants=10, beta=3",3,0.1,,10,,1.0,3.0,3000,30010,3000,,,7715,2.2938212675682843,7.4067182540893555
tsp,tsp,52,berlin52,MMAS,"rho=0.1, ants=10, beta=3",4,0.1,,10,,1.0,3.0,3000,30010,3000,,,7715,2.2938212675682843,7.393928050994873
tsp,tsp,52,berlin52,MMAS,"rho=0.1, ants=10, beta=3",5,0.1,,10,,1.0,3.0,3000,30010,3000,,,7542,0.0,7.412118911743164
tsp,tsp,52,berlin52,MMAS,"rho=0.1, ants=10, beta=3",6,0.1,,10,,1.0,3.0,3000,30010,3000,,,7542,0.0,7.401087284088135
tsp,tsp,52,berlin52,MMAS,"rho=0.1, ants=10, beta=3",7,0.1,,10,,1.0,3.0,3000,30010,3000,,,7542,0.0,7.408069849014282
tsp,tsp,52,berlin52,MMAS,"rho=0.1, ants=10, beta=3",8,0.1,,10,,1.0,3.0,3000,30010,3000,,,7944,5.330151153540175,7.399129867553711
tsp,tsp,52,berlin52,MMAS,"rho=0.1, ants=10, beta=3",9,0.1,,10,,1.0,3.0,3000,30010,3000,,,7715,2.2938212675682843,7.536288022994995
tsp,tsp,52,berlin52,MMAS,"rho=0.1, ants=10, beta=3",10,0.1,,10,,1.0,3.0,3000,30010,3000,,,7542,0.0,7.452578067779541
tsp,tsp,52,berlin52,MMAS,"rho=0.1, ants=10, beta=3",11,0.1,,10,,1.0,3.0,3000,30010,3000,,,7715,2.2938212675682843,7.405184030532837
tsp,tsp,52,berlin52,MMAS,"rho=0.1, ants=10, beta=3",12,0.1,,10,,1.0,3.0,3000,30010,3000,,,7542,0.0,7.40641188621521
tsp,tsp,52,berlin52,MMAS,"rho=0.1, ants=10, beta=3",13,0.1,,10,,1.0,3.0,3000,30010,3000,,,7749,2.7446300715990453,7.414062023162842
tsp,tsp,52,berlin52,MMAS,"rho=0.1, ants=10, beta=3",14,0.1,,10,,1.0,3.0,3000,30010,3000,,,7542,0.0,7.402627944946289
tsp,tsp,52,berlin52,MMAS,"rho=0.5, ants=10, beta=2",0,0.5,,10,,1.0,2.0,3000,30010,3000,,,7745,2.6915937417130733,7.4087889194488525
tsp,tsp,52,berlin52,MMAS,"rho=0.5, ants=10, beta=2",1,0.5,,10,,1.0,2.0,3000,30010,3000,,,7618,1.007690267833466,7.416270971298218
tsp,tsp,52,berlin52,MMAS,"rho=0.5, ants=10, beta=2",2,0.5,,10,,1.0,2.0,3000,30010,3000,,,7542,0.0,7.5389509201049805
tsp,tsp,52,berlin52,MMAS,"rho=0.5, ants=10, beta=2",3,0.5,,10,,1.0,2.0,3000,30010,3000,,,7749,2.7446300715990453,7.420722007751465
tsp,tsp,52,berlin52,MMAS,"rho=0.5, ants=10, beta=2",4,0.5,,10,,1.0,2.0,3000,30010,3000,,,7944,5.330151153540175,7.395506858825684
tsp,tsp,52,berlin52,MMAS,"rho=0.5, ants=10, beta=2",5,0.5,,10,,1.0,2.0,3000,30010,3000,,,7912,4.9058605144524,7.410928249359131
tsp,tsp,52,berlin52,MMAS,"rho=0.5, ants=10, beta=2",6,0.5,,10,,1.0,2.0,3000,30010,3000,,,7775,3.0893662158578623,7.4144556522369385
tsp,tsp,52,berlin52,MMAS,"rho=0.5, ants=10, beta=2",7,0.5,,10,,1.0,2.0,3000,30010,3000,,,7755,2.824184566428003,7.44196081161499
tsp,tsp,52,berlin52,MMAS,"rho=0.5, ants=10, beta=2",8,0.5,,10,,1.0,2.0,3000,30010,3000,,,7542,0.0,7.4147117137908936
tsp,tsp,52,berlin52,MMAS,"rho=0.5, ants=10, beta=2",9,0.5,,10,,1.0,2.0,3000,30010,3000,,,7902,4.77326968973747,7.4206390380859375
tsp,tsp,52,berlin52,MMAS,"rho=0.5, ants=10, beta=2",10,0.5,,10,,1.0,2.0,3000,30010,3000,,,8008,6.178732431715725,7.511359930038452
tsp,tsp,52,berlin52,MMAS,"rho=0.5, ants=10, beta=2",11,0.5,,10,,1.0,2.0,3000,30010,3000,,,7657,1.5247944842216918,7.416281223297119
tsp,tsp,52,berlin52,MMAS,"rho=0.5, ants=10, beta=2",12,0.5,,10,,1.0,2.0,3000,30010,3000,,,7948,5.383187483426147,7.414660930633545
tsp,tsp,52,berlin52,MMAS,"rho=0.5, ants=10, beta=2",13,0.5,,10,,1.0,2.0,3000,30010,3000,,,7542,0.0,7.418320894241333
tsp,tsp,52,berlin52,MMAS,"rho=0.5, ants=10, beta=2",14,0.5,,10,,1.0,2.0,3000,30010,3000,,,8011,6.218509679130204,7.409055948257446
tsp,tsp,52,berlin52,MMAS,"rho=0.5, ants=10, beta=3",0,0.5,,10,,1.0,3.0,3000,30010,3000,,,7986,5.88703261734288,7.401751756668091
tsp,tsp,52,berlin52,MMAS,"rho=0.5, ants=10, beta=3",1,0.5,,10,,1.0,3.0,3000,30010,3000,,,7944,5.330151153540175,7.40156888961792
tsp,tsp,52,berlin52,MMAS,"rho=0.5, ants=10, beta=3",2,0.5,,10,,1.0,3.0,3000,30010,3000,,,7902,4.77326968973747,7.412452697753906
tsp,tsp,52,berlin52,MMAS,"rho=0.5, ants=10, beta=3",3,0.5,,10,,1.0,3.0,3000,30010,3000,,,7542,0.0,7.489664077758789
tsp,tsp,52,berlin52,MMAS,"rho=0.5, ants=10, beta=3",4,0.5,,10,,1.0,3.0,3000,30010,3000,,,7915,4.9456377618668785,7.416172027587891
tsp,tsp,52,berlin52,MMAS,"rho=0.5, ants=10, beta=3",5,0.5,,10,,1.0,3.0,3000,30010,3000,,,7915,4.9456377618668785,7.412461757659912
tsp,tsp,52,berlin52,MMAS,"rho=0.5, ants=10, beta=3",6,0.5,,10,,1.0,3.0,3000,30010,3000,,,7542,0.0,7.403422832489014
tsp,tsp,52,berlin52,MMAS,"rho=0.5, ants=10, beta=3",7,0.5,,10,,1.0,3.0,3000,30010,3000,,,7715,2.2938212675682843,7.406658887863159
tsp,tsp,52,berlin52,MMAS,"rho=0.5, ants=10, beta=3",8,0.5,,10,,1.0,3.0,3000,30010,3000,,,7542,0.0,7.436355829238892
tsp,tsp,52,berlin52,MMAS,"rho=0.5, ants=10, beta=3",9,0.5,,10,,1.0,3.0,3000,30010,3000,,,7542,0.0,7.400414943695068
tsp,tsp,52,berlin52,MMAS,"rho=0.5, ants=10, beta=3",10,0.5,,10,,1.0,3.0,3000,30010,3000,,,7944,5.330151153540175,7.4108428955078125
tsp,tsp,52,berlin52,MMAS,"rho=0.5, ants=10, beta=3",11,0.5,,10,,1.0,3.0,3000,30010,3000,,,7902,4.77326968973747,7.41142201423645
tsp,tsp,52,berlin52,MMAS,"rho=0.5, ants=10, beta=3",12,0.5,,10,,1.0,3.0,3000,30010,3000,,,7715,2.2938212675682843,7.505238056182861
tsp,tsp,52,berlin52,MMAS,"rho=0.5, ants=10, beta=3",13,0.5,,10,,1.0,3.0,3000,30010,3000,,,7954,5.462741978255105,7.408963203430176
tsp,tsp,52,berlin52,MMAS,"rho=0.5, ants=10, beta=3",14,0.5,,10,,1.0,3.0,3000,30010,3000,,,7715,2.2938212675682843,7.403340101242065
tsp,tsp,52,berlin52,P-ACO,"K=5, ants=30, q0=0.7, beta=2",0,,5,30,0.7,1.0,2.0,3000,90030,3000,,,7542,0.0,20.47908902168274
tsp,tsp,52,berlin52,P-ACO,"K=5, ants=30, q0=0.7, beta=2",1,,5,30,0.7,1.0,2.0,3000,90030,3000,,,7848,4.05727923627685,20.590248823165894
tsp,tsp,52,berlin52,P-ACO,"K=5, ants=30, q0=0.7, beta=2",2,,5,30,0.7,1.0,2.0,3000,90030,3000,,,7542,0.0,20.431937217712402
tsp,tsp,52,berlin52,P-ACO,"K=5, ants=30, q0=0.7, beta=2",3,,5,30,0.7,1.0,2.0,3000,90030,3000,,,7542,0.0,20.44106698036194
tsp,tsp,52,berlin52,P-ACO,"K=5, ants=30, q0=0.7, beta=2",4,,5,30,0.7,1.0,2.0,3000,90030,3000,,,7715,2.2938212675682843,20.589651823043823
tsp,tsp,52,berlin52,P-ACO,"K=5, ants=30, q0=0.7, beta=2",5,,5,30,0.7,1.0,2.0,3000,90030,3000,,,7542,0.0,20.437180042266846
tsp,tsp,52,berlin52,P-ACO,"K=5, ants=30, q0=0.7, beta=2",6,,5,30,0.7,1.0,2.0,3000,90030,3000,,,7715,2.2938212675682843,20.457859754562378
tsp,tsp,52,berlin52,P-ACO,"K=5, ants=30, q0=0.7, beta=2",7,,5,30,0.7,1.0,2.0,3000,90030,3000,,,7542,0.0,20.533411979675293
tsp,tsp,52,berlin52,P-ACO,"K=5, ants=30, q0=0.7, beta=2",8,,5,30,0.7,1.0,2.0,3000,90030,3000,,,7542,0.0,20.474243640899658
tsp,tsp,52,berlin52,P-ACO,"K=5, ants=30, q0=0.7, beta=2",9,,5,30,0.7,1.0,2.0,3000,90030,3000,,,7749,2.7446300715990453,20.474651098251343
tsp,tsp,52,berlin52,P-ACO,"K=5, ants=30, q0=0.7, beta=2",10,,5,30,0.7,1.0,2.0,3000,90030,3000,,,7542,0.0,20.506880044937134
tsp,tsp,52,berlin52,P-ACO,"K=5, ants=30, q0=0.7, beta=2",11,,5,30,0.7,1.0,2.0,3000,90030,3000,,,7542,0.0,20.44222617149353
tsp,tsp,52,berlin52,P-ACO,"K=5, ants=30, q0=0.7, beta=2",12,,5,30,0.7,1.0,2.0,3000,90030,3000,,,7542,0.0,20.4126079082489
tsp,tsp,52,berlin52,P-ACO,"K=5, ants=30, q0=0.7, beta=2",13,,5,30,0.7,1.0,2.0,3000,90030,3000,,,7542,0.0,20.559802055358887
tsp,tsp,52,berlin52,P-ACO,"K=5, ants=30, q0=0.7, beta=2",14,,5,30,0.7,1.0,2.0,3000,90030,3000,,,7542,0.0,20.414133071899414
tsp,tsp,52,berlin52,P-ACO,"K=5, ants=30, q0=0.7, beta=3",0,,5,30,0.7,1.0,3.0,3000,90030,3000,,,7542,0.0,20.43988013267517
tsp,tsp,52,berlin52,P-ACO,"K=5, ants=30, q0=0.7, beta=3",1,,5,30,0.7,1.0,3.0,3000,90030,3000,,,7542,0.0,20.592892169952393
tsp,tsp,52,berlin52,P-ACO,"K=5, ants=30, q0=0.7, beta=3",2,,5,30,0.7,1.0,3.0,3000,90030,3000,,,7542,0.0,20.417480945587158
tsp,tsp,52,berlin52,P-ACO,"K=5, ants=30, q0=0.7, beta=3",3,,5,30,0.7,1.0,3.0,3000,90030,3000,,,7542,0.0,20.43509793281555
tsp,tsp,52,berlin52,P-ACO,"K=5, ants=30, q0=0.7, beta=3",4,,5,30,0.7,1.0,3.0,3000,90030,3000,,,7715,2.2938212675682843,20.951061964035034
tsp,tsp,52,berlin52,P-ACO,"K=5, ants=30, q0=0.7, beta=3",5,,5,30,0.7,1.0,3.0,3000,90030,3000,,,7715,2.2938212675682843,123.03694105148315
tsp,tsp,52,berlin52,P-ACO,"K=5, ants=30, q0=0.7, beta=3",6,,5,30,0.7,1.0,3.0,3000,90030,3000,,,7715,2.2938212675682843,20.80457592010498
tsp,tsp,52,berlin52,P-ACO,"K=5, ants=30, q0=0.7, beta=3",7,,5,30,0.7,1.0,3.0,3000,90030,3000,,,7944,5.330151153540175,20.473483085632324
tsp,tsp,52,berlin52,P-ACO,"K=5, ants=30, q0=0.7, beta=3",8,,5,30,0.7,1.0,3.0,3000,90030,3000,,,7775,3.0893662158578623,20.34696912765503
tsp,tsp,52,berlin52,P-ACO,"K=5, ants=30, q0=0.7, beta=3",9,,5,30,0.7,1.0,3.0,3000,90030,3000,,,7848,4.05727923627685,20.3629367351532
tsp,tsp,52,berlin52,P-ACO,"K=5, ants=30, q0=0.7, beta=3",10,,5,30,0.7,1.0,3.0,3000,90030,3000,,,7715,2.2938212675682843,20.490339279174805
tsp,tsp,52,berlin52,P-ACO,"K=5, ants=30, q0=0.7, beta=3",11,,5,30,0.7,1.0,3.0,3000,90030,3000,,,7542,0.0,20.398489952087402
tsp,tsp,52,berlin52,P-ACO,"K=5, ants=30, q0=0.7, beta=3",12,,5,30,0.7,1.0,3.0,3000,90030,3000,,,7715,2.2938212675682843,20.475245237350464
tsp,tsp,52,berlin52,P-ACO,"K=5, ants=30, q0=0.7, beta=3",13,,5,30,0.7,1.0,3.0,3000,90030,3000,,,7542,0.0,20.449156999588013
tsp,tsp,52,berlin52,P-ACO,"K=5, ants=30, q0=0.7, beta=3",14,,5,30,0.7,1.0,3.0,3000,90030,3000,,,7848,4.05727923627685,20.419373989105225
tsp,tsp,52,berlin52,P-ACO,"K=5, ants=30, q0=0.9, beta=2",0,,5,30,0.9,1.0,2.0,3000,90030,3000,,,7542,0.0,18.920614004135132
tsp,tsp,52,berlin52,P-ACO,"K=5, ants=30, q0=0.9, beta=2",1,,5,30,0.9,1.0,2.0,3000,90030,3000,,,7542,0.0,18.979575872421265
tsp,tsp,52,berlin52,P-ACO,"K=5, ants=30, q0=0.9, beta=2",2,,5,30,0.9,1.0,2.0,3000,90030,3000,,,7542,0.0,18.983059406280518
tsp,tsp,52,berlin52,P-ACO,"K=5, ants=30, q0=0.9, beta=2",3,,5,30,0.9,1.0,2.0,3000,90030,3000,,,7542,0.0,18.927403926849365
tsp,tsp,52,berlin52,P-ACO,"K=5, ants=30, q0=0.9, beta=2",4,,5,30,0.9,1.0,2.0,3000,90030,3000,,,7715,2.2938212675682843,19.04578995704651
tsp,tsp,52,berlin52,P-ACO,"K=5, ants=30, q0=0.9, beta=2",5,,5,30,0.9,1.0,2.0,3000,90030,3000,,,7974,5.727923627684964,18.983468770980835
tsp,tsp,52,berlin52,P-ACO,"K=5, ants=30, q0=0.9, beta=2",6,,5,30,0.9,1.0,2.0,3000,90030,3000,,,7542,0.0,18.939876079559326
tsp,tsp,52,berlin52,P-ACO,"K=5, ants=30, q0=0.9, beta=2",7,,5,30,0.9,1.0,2.0,3000,90030,3000,,,7542,0.0,19.12979292869568
tsp,tsp,52,berlin52,P-ACO,"K=5, ants=30, q0=0.9, beta=2",8,,5,30,0.9,1.0,2.0,3000,90030,3000,,,7542,0.0,18.932026863098145
tsp,tsp,52,berlin52,P-ACO,"K=5, ants=30, q0=0.9, beta=2",9,,5,30,0.9,1.0,2.0,3000,90030,3000,,,7542,0.0,18.982445001602173
tsp,tsp,52,berlin52,P-ACO,"K=5, ants=30, q0=0.9, beta=2",10,,5,30,0.9,1.0,2.0,3000,90030,3000,,,7542,0.0,19.03596305847168
tsp,tsp,52,berlin52,P-ACO,"K=5, ants=30, q0=0.9, beta=2",11,,5,30,0.9,1.0,2.0,3000,90030,3000,,,7542,0.0,18.984379053115845
tsp,tsp,52,berlin52,P-ACO,"K=5, ants=30, q0=0.9, beta=2",12,,5,30,0.9,1.0,2.0,3000,90030,3000,,,7715,2.2938212675682843,19.051142930984497
tsp,tsp,52,berlin52,P-ACO,"K=5, ants=30, q0=0.9, beta=2",13,,5,30,0.9,1.0,2.0,3000,90030,3000,,,7542,0.0,19.05588388442993
tsp,tsp,52,berlin52,P-ACO,"K=5, ants=30, q0=0.9, beta=2",14,,5,30,0.9,1.0,2.0,3000,90030,3000,,,7542,0.0,19.00006914138794
tsp,tsp,52,berlin52,P-ACO,"K=5, ants=30, q0=0.9, beta=3",0,,5,30,0.9,1.0,3.0,3000,90030,3000,,,7542,0.0,18.966652154922485
tsp,tsp,52,berlin52,P-ACO,"K=5, ants=30, q0=0.9, beta=3",1,,5,30,0.9,1.0,3.0,3000,90030,3000,,,7542,0.0,19.08599281311035
tsp,tsp,52,berlin52,P-ACO,"K=5, ants=30, q0=0.9, beta=3",2,,5,30,0.9,1.0,3.0,3000,90030,3000,,,7542,0.0,18.949088096618652
tsp,tsp,52,berlin52,P-ACO,"K=5, ants=30, q0=0.9, beta=3",3,,5,30,0.9,1.0,3.0,3000,90030,3000,,,7715,2.2938212675682843,19.239421129226685
tsp,tsp,52,berlin52,P-ACO,"K=5, ants=30, q0=0.9, beta=3",4,,5,30,0.9,1.0,3.0,3000,90030,3000,,,7715,2.2938212675682843,19.670575857162476
tsp,tsp,52,berlin52,P-ACO,"K=5, ants=30, q0=0.9, beta=3",5,,5,30,0.9,1.0,3.0,3000,90030,3000,,,7542,0.0,19.243026971817017
tsp,tsp,52,berlin52,P-ACO,"K=5, ants=30, q0=0.9, beta=3",6,,5,30,0.9,1.0,3.0,3000,90030,3000,,,7542,0.0,19.025850296020508
tsp,tsp,52,berlin52,P-ACO,"K=5, ants=30, q0=0.9, beta=3",7,,5,30,0.9,1.0,3.0,3000,90030,3000,,,7542,0.0,19.158478260040283
tsp,tsp,52,berlin52,P-ACO,"K=5, ants=30, q0=0.9, beta=3",8,,5,30,0.9,1.0,3.0,3000,90030,3000,,,7542,0.0,19.2082679271698
tsp,tsp,52,berlin52,P-ACO,"K=5, ants=30, q0=0.9, beta=3",9,,5,30,0.9,1.0,3.0,3000,90030,3000,,,7542,0.0,19.246694803237915
tsp,tsp,52,berlin52,P-ACO,"K=5, ants=30, q0=0.9, beta=3",10,,5,30,0.9,1.0,3.0,3000,90030,3000,,,7542,0.0,19.292080879211426
tsp,tsp,52,berlin52,P-ACO,"K=5, ants=30, q0=0.9, beta=3",11,,5,30,0.9,1.0,3.0,3000,90030,3000,,,7542,0.0,19.203023195266724
tsp,tsp,52,berlin52,P-ACO,"K=5, ants=30, q0=0.9, beta=3",12,,5,30,0.9,1.0,3.0,3000,90030,3000,,,7542,0.0,19.31075382232666
tsp,tsp,52,berlin52,P-ACO,"K=5, ants=30, q0=0.9, beta=3",13,,5,30,0.9,1.0,3.0,3000,90030,3000,,,7542,0.0,19.290955066680908
tsp,tsp,52,berlin52,P-ACO,"K=5, ants=30, q0=0.9, beta=3",14,,5,30,0.9,1.0,3.0,3000,90030,3000,,,7542,0.0,19.32058596611023
tsp,tsp,52,berlin52,P-ACO,"K=10, ants=30, q0=0.7, beta=2",0,,10,30,0.7,1.0,2.0,3000,90030,3000,,,7542,0.0,20.812623977661133
tsp,tsp,52,berlin52,P-ACO,"K=10, ants=30, q0=0.7, beta=2",1,,10,30,0.7,1.0,2.0,3000,90030,3000,,,7542,0.0,20.714020252227783
tsp,tsp,52,berlin52,P-ACO,"K=10, ants=30, q0=0.7, beta=2",2,,10,30,0.7,1.0,2.0,3000,90030,3000,,,7542,0.0,20.80441403388977
tsp,tsp,52,berlin52,P-ACO,"K=10, ants=30, q0=0.7, beta=2",3,,10,30,0.7,1.0,2.0,3000,90030,3000,,,7542,0.0,20.778525829315186
tsp,tsp,52,berlin52,P-ACO,"K=10, ants=30, q0=0.7, beta=2",4,,10,30,0.7,1.0,2.0,3000,90030,3000,,,7542,0.0,20.80749797821045
tsp,tsp,52,berlin52,P-ACO,"K=10, ants=30, q0=0.7, beta=2",5,,10,30,0.7,1.0,2.0,3000,90030,3000,,,7542,0.0,20.867647886276245
tsp,tsp,52,berlin52,P-ACO,"K=10, ants=30, q0=0.7, beta=2",6,,10,30,0.7,1.0,2.0,3000,90030,3000,,,7542,0.0,20.668495178222656
tsp,tsp,52,berlin52,P-ACO,"K=10, ants=30, q0=0.7, beta=2",7,,10,30,0.7,1.0,2.0,3000,90030,3000,,,7542,0.0,20.64954900741577
tsp,tsp,52,berlin52,P-ACO,"K=10, ants=30, q0=0.7, beta=2",8,,10,30,0.7,1.0,2.0,3000,90030,3000,,,7954,5.462741978255105,20.798139810562134
tsp,tsp,52,berlin52,P-ACO,"K=10, ants=30, q0=0.7, beta=2",9,,10,30,0.7,1.0,2.0,3000,90030,3000,,,7715,2.2938212675682843,20.750572204589844
tsp,tsp,52,berlin52,P-ACO,"K=10, ants=30, q0=0.7, beta=2",10,,10,30,0.7,1.0,2.0,3000,90030,3000,,,7542,0.0,20.564555883407593
tsp,tsp,52,berlin52,P-ACO,"K=10, ants=30, q0=0.7, beta=2",11,,10,30,0.7,1.0,2.0,3000,90030,3000,,,7542,0.0,21.093806982040405
tsp,tsp,52,berlin52,P-ACO,"K=10, ants=30, q0=0.7, beta=2",12,,10,30,0.7,1.0,2.0,3000,90030,3000,,,7542,0.0,20.702612161636353
tsp,tsp,52,berlin52,P-ACO,"K=10, ants=30, q0=0.7, beta=2",13,,10,30,0.7,1.0,2.0,3000,90030,3000,,,7542,0.0,20.605626821517944
tsp,tsp,52,berlin52,P-ACO,"K=10, ants=30, q0=0.7, beta=2",14,,10,30,0.7,1.0,2.0,3000,90030,3000,,,7542,0.0,20.66524910926819
tsp,tsp,52,berlin52,P-ACO,"K=10, ants=30, q0=0.7, beta=3",0,,10,30,0.7,1.0,3.0,3000,90030,3000,,,7542,0.0,20.822383165359497
tsp,tsp,52,berlin52,P-ACO,"K=10, ants=30, q0=0.7, beta=3",1,,10,30,0.7,1.0,3.0,3000,90030,3000,,,7542,0.0,20.805027961730957
tsp,tsp,52,berlin52,P-ACO,"K=10, ants=30, q0=0.7, beta=3",2,,10,30,0.7,1.0,3.0,3000,90030,3000,,,7542,0.0,20.67666506767273
tsp,tsp,52,berlin52,P-ACO,"K=10, ants=30, q0=0.7, beta=3",3,,10,30,0.7,1.0,3.0,3000,90030,3000,,,7542,0.0,20.598821878433228
tsp,tsp,52,berlin52,P-ACO,"K=10, ants=30, q0=0.7, beta=3",4,,10,30,0.7,1.0,3.0,3000,90030,3000,,,7542,0.0,20.631887912750244
tsp,tsp,52,berlin52,P-ACO,"K=10, ants=30, q0=0.7, beta=3",5,,10,30,0.7,1.0,3.0,3000,90030,3000,,,7542,0.0,20.61146116256714
tsp,tsp,52,berlin52,P-ACO,"K=10, ants=30, q0=0.7, beta=3",6,,10,30,0.7,1.0,3.0,3000,90030,3000,,,7542,0.0,20.666640281677246
tsp,tsp,52,berlin52,P-ACO,"K=10, ants=30, q0=0.7, beta=3",7,,10,30,0.7,1.0,3.0,3000,90030,3000,,,7542,0.0,20.89676594734192
tsp,tsp,52,berlin52,P-ACO,"K=10, ants=30, q0=0.7, beta=3",8,,10,30,0.7,1.0,3.0,3000,90030,3000,,,7542,0.0,20.787322998046875
tsp,tsp,52,berlin52,P-ACO,"K=10, ants=30, q0=0.7, beta=3",9,,10,30,0.7,1.0,3.0,3000,90030,3000,,,7542,0.0,20.67332935333252
tsp,tsp,52,berlin52,P-ACO,"K=10, ants=30, q0=0.7, beta=3",10,,10,30,0.7,1.0,3.0,3000,90030,3000,,,7542,0.0,20.753092765808105
tsp,tsp,52,berlin52,P-ACO,"K=10, ants=30, q0=0.7, beta=3",11,,10,30,0.7,1.0,3.0,3000,90030,3000,,,7542,0.0,20.847925901412964
tsp,tsp,52,berlin52,P-ACO,"K=10, ants=30, q0=0.7, beta=3",12,,10,30,0.7,1.0,3.0,3000,90030,3000,,,7542,0.0,21.064669847488403
tsp,tsp,52,berlin52,P-ACO,"K=10, ants=30, q0=0.7, beta=3",13,,10,30,0.7,1.0,3.0,3000,90030,3000,,,7542,0.0,21.020776987075806
tsp,tsp,52,berlin52,P-ACO,"K=10, ants=30, q0=0.7, beta=3",14,,10,30,0.7,1.0,3.0,3000,90030,3000,,,7542,0.0,20.593696117401123
tsp,tsp,52,berlin52,P-ACO,"K=10, ants=30, q0=0.9, beta=2",0,,10,30,0.9,1.0,2.0,3000,90030,3000,,,7542,0.0,18.921643018722534
tsp,tsp,52,berlin52,P-ACO,"K=10, ants=30, q0=0.9, beta=2",1,,10,30,0.9,1.0,2.0,3000,90030,3000,,,7542,0.0,19.10770320892334
tsp,tsp,52,berlin52,P-ACO,"K=10, ants=30, q0=0.9, beta=2",2,,10,30,0.9,1.0,2.0,3000,90030,3000,,,7542,0.0,20.189722061157227
tsp,tsp,52,berlin52,P-ACO,"K=10, ants=30, q0=0.9, beta=2",3,,10,30,0.9,1.0,2.0,3000,90030,3000,,,7542,0.0,19.580140113830566
tsp,tsp,52,berlin52,P-ACO,"K=10, ants=30, q0=0.9, beta=2",4,,10,30,0.9,1.0,2.0,3000,90030,3000,,,7542,0.0,19.54232621192932
tsp,tsp,52,berlin52,P-ACO,"K=10, ants=30, q0=0.9, beta=2",5,,10,30,0.9,1.0,2.0,3000,90030,3000,,,7542,0.0,19.370825052261353
tsp,tsp,52,berlin52,P-ACO,"K=10, ants=30, q0=0.9, beta=2",6,,10,30,0.9,1.0,2.0,3000,90030,3000,,,7944,5.330151153540175,19.393717050552368
tsp,tsp,52,berlin52,P-ACO,"K=10, ants=30, q0=0.9, beta=2",7,,10,30,0.9,1.0,2.0,3000,90030,3000,,,7542,0.0,19.66797709465027
tsp,tsp,52,berlin52,P-ACO,"K=10, ants=30, q0=0.9, beta=2",8,,10,30,0.9,1.0,2.0,3000,90030,3000,,,7542,0.0,19.08526301383972
tsp,tsp,52,berlin52,P-ACO,"K=10, ants=30, q0=0.9, beta=2",9,,10,30,0.9,1.0,2.0,3000,90030,3000,,,7796,3.367806947759215,19.009092092514038
tsp,tsp,52,berlin52,P-ACO,"K=10, ants=30, q0=0.9, beta=2",10,,10,30,0.9,1.0,2.0,3000,90030,3000,,,7542,0.0,19.03960394859314
tsp,tsp,52,berlin52,P-ACO,"K=10, ants=30, q0=0.9, beta=2",11,,10,30,0.9,1.0,2.0,3000,90030,3000,,,7542,0.0,18.913928985595703
tsp,tsp,52,berlin52,P-ACO,"K=10, ants=30, q0=0.9, beta=2",12,,10,30,0.9,1.0,2.0,3000,90030,3000,,,7542,0.0,18.92907691001892
tsp,tsp,52,berlin52,P-ACO,"K=10, ants=30, q0=0.9, beta=2",13,,10,30,0.9,1.0,2.0,3000,90030,3000,,,7542,0.0,19.04219388961792
tsp,tsp,52,berlin52,P-ACO,"K=10, ants=30, q0=0.9, beta=2",14,,10,30,0.9,1.0,2.0,3000,90030,3000,,,7542,0.0,18.918377161026
tsp,tsp,52,berlin52,P-ACO,"K=10, ants=30, q0=0.9, beta=3",0,,10,30,0.9,1.0,3.0,3000,90030,3000,,,7542,0.0,18.889192819595337
tsp,tsp,52,berlin52,P-ACO,"K=10, ants=30, q0=0.9, beta=3",1,,10,30,0.9,1.0,3.0,3000,90030,3000,,,7542,0.0,18.895539045333862
tsp,tsp,52,berlin52,P-ACO,"K=10, ants=30, q0=0.9, beta=3",2,,10,30,0.9,1.0,3.0,3000,90030,3000,,,7542,0.0,18.934552907943726
tsp,tsp,52,berlin52,P-ACO,"K=10, ants=30, q0=0.9, beta=3",3,,10,30,0.9,1.0,3.0,3000,90030,3000,,,7542,0.0,18.896939992904663
tsp,tsp,52,berlin52,P-ACO,"K=10, ants=30, q0=0.9, beta=3",4,,10,30,0.9,1.0,3.0,3000,90030,3000,,,7542,0.0,18.88517999649048
tsp,tsp,52,berlin52,P-ACO,"K=10, ants=30, q0=0.9, beta=3",5,,10,30,0.9,1.0,3.0,3000,90030,3000,,,7542,0.0,18.98590087890625
tsp,tsp,52,berlin52,P-ACO,"K=10, ants=30, q0=0.9, beta=3",6,,10,30,0.9,1.0,3.0,3000,90030,3000,,,7542,0.0,18.874908924102783
tsp,tsp,52,berlin52,P-ACO,"K=10, ants=30, q0=0.9, beta=3",7,,10,30,0.9,1.0,3.0,3000,90030,3000,,,7542,0.0,18.88862109184265
tsp,tsp,52,berlin52,P-ACO,"K=10, ants=30, q0=0.9, beta=3",8,,10,30,0.9,1.0,3.0,3000,90030,3000,,,7542,0.0,19.058437824249268
tsp,tsp,52,berlin52,P-ACO,"K=10, ants=30, q0=0.9, beta=3",9,,10,30,0.9,1.0,3.0,3000,90030,3000,,,7542,0.0,18.912712812423706
tsp,tsp,52,berlin52,P-ACO,"K=10, ants=30, q0=0.9, beta=3",10,,10,30,0.9,1.0,3.0,3000,90030,3000,,,7542,0.0,18.831876039505005
tsp,tsp,52,berlin52,P-ACO,"K=10, ants=30, q0=0.9, beta=3",11,,10,30,0.9,1.0,3.0,3000,90030,3000,,,7542,0.0,18.962900161743164
tsp,tsp,52,berlin52,P-ACO,"K=10, ants=30, q0=0.9, beta=3",12,,10,30,0.9,1.0,3.0,3000,90030,3000,,,7715,2.2938212675682843,18.897763967514038
tsp,tsp,52,berlin52,P-ACO,"K=10, ants=30, q0=0.9, beta=3",13,,10,30,0.9,1.0,3.0,3000,90030,3000,,,7542,0.0,18.866587162017822
tsp,tsp,52,berlin52,P-ACO,"K=10, ants=30, q0=0.9, beta=3",14,,10,30,0.9,1.0,3.0,3000,90030,3000,,,7542,0.0,19.05427622795105
tsp,tsp,52,berlin52,P-ACO,"K=20, ants=30, q0=0.7, beta=2",0,,20,30,0.7,1.0,2.0,3000,90030,3000,,,7542,0.0,20.394466161727905
tsp,tsp,52,berlin52,P-ACO,"K=20, ants=30, q0=0.7, beta=2",1,,20,30,0.7,1.0,2.0,3000,90030,3000,,,7542,0.0,20.39364719390869
tsp,tsp,52,berlin52,P-ACO,"K=20, ants=30, q0=0.7, beta=2",2,,20,30,0.7,1.0,2.0,3000,90030,3000,,,7542,0.0,20.53427290916443
tsp,tsp,52,berlin52,P-ACO,"K=20, ants=30, q0=0.7, beta=2",3,,20,30,0.7,1.0,2.0,3000,90030,3000,,,7542,0.0,20.437989234924316
tsp,tsp,52,berlin52,P-ACO,"K=20, ants=30, q0=0.7, beta=2",4,,20,30,0.7,1.0,2.0,3000,90030,3000,,,7542,0.0,20.437578201293945
tsp,tsp,52,berlin52,P-ACO,"K=20, ants=30, q0=0.7, beta=2",5,,20,30,0.7,1.0,2.0,3000,90030,3000,,,7542,0.0,20.562759160995483
tsp,tsp,52,berlin52,P-ACO,"K=20, ants=30, q0=0.7, beta=2",6,,20,30,0.7,1.0,2.0,3000,90030,3000,,,7542,0.0,20.478430032730103
tsp,tsp,52,berlin52,P-ACO,"K=20, ants=30, q0=0.7, beta=2",7,,20,30,0.7,1.0,2.0,3000,90030,3000,,,7542,0.0,20.429467916488647
tsp,tsp,52,berlin52,P-ACO,"K=20, ants=30, q0=0.7, beta=2",8,,20,30,0.7,1.0,2.0,3000,90030,3000,,,7542,0.0,20.58241629600525
tsp,tsp,52,berlin52,P-ACO,"K=20, ants=30, q0=0.7, beta=2",9,,20,30,0.7,1.0,2.0,3000,90030,3000,,,7542,0.0,20.43277382850647
tsp,tsp,52,berlin52,P-ACO,"K=20, ants=30, q0=0.7, beta=2",10,,20,30,0.7,1.0,2.0,3000,90030,3000,,,7542,0.0,20.42012310028076
tsp,tsp,52,berlin52,P-ACO,"K=20, ants=30, q0=0.7, beta=2",11,,20,30,0.7,1.0,2.0,3000,90030,3000,,,7542,0.0,20.516227960586548
tsp,tsp,52,berlin52,P-ACO,"K=20, ants=30, q0=0.7, beta=2",12,,20,30,0.7,1.0,2.0,3000,90030,3000,,,7542,0.0,20.43503475189209
tsp,tsp,52,berlin52,P-ACO,"K=20, ants=30, q0=0.7, beta=2",13,,20,30,0.7,1.0,2.0,3000,90030,3000,,,7542,0.0,20.43943214416504
tsp,tsp,52,berlin52,P-ACO,"K=20, ants=30, q0=0.7, beta=2",14,,20,30,0.7,1.0,2.0,3000,90030,3000,,,7542,0.0,20.5120267868042
tsp,tsp,52,berlin52,P-ACO,"K=20, ants=30, q0=0.7, beta=3",0,,20,30,0.7,1.0,3.0,3000,90030,3000,,,7542,0.0,20.498968839645386
tsp,tsp,52,berlin52,P-ACO,"K=20, ants=30, q0=0.7, beta=3",1,,20,30,0.7,1.0,3.0,3000,90030,3000,,,7542,0.0,20.547669887542725
tsp,tsp,52,berlin52,P-ACO,"K=20, ants=30, q0=0.7, beta=3",2,,20,30,0.7,1.0,3.0,3000,90030,3000,,,7542,0.0,20.552945137023926
tsp,tsp,52,berlin52,P-ACO,"K=20, ants=30, q0=0.7, beta=3",3,,20,30,0.7,1.0,3.0,3000,90030,3000,,,7542,0.0,20.456318140029907
tsp,tsp,52,berlin52,P-ACO,"K=20, ants=30, q0=0.7, beta=3",4,,20,30,0.7,1.0,3.0,3000,90030,3000,,,7542,0.0,20.444552898406982
tsp,tsp,52,berlin52,P-ACO,"K=20, ants=30, q0=0.7, beta=3",5,,20,30,0.7,1.0,3.0,3000,90030,3000,,,7542,0.0,20.589845180511475
tsp,tsp,52,berlin52,P-ACO,"K=20, ants=30, q0=0.7, beta=3",6,,20,30,0.7,1.0,3.0,3000,90030,3000,,,7862,4.242906390877751,20.425177097320557
tsp,tsp,52,berlin52,P-ACO,"K=20, ants=30, q0=0.7, beta=3",7,,20,30,0.7,1.0,3.0,3000,90030,3000,,,7542,0.0,20.47977113723755
tsp,tsp,52,berlin52,P-ACO,"K=20, ants=30, q0=0.7, beta=3",8,,20,30,0.7,1.0,3.0,3000,90030,3000,,,7542,0.0,20.53594183921814
tsp,tsp,52,berlin52,P-ACO,"K=20, ants=30, q0=0.7, beta=3",9,,20,30,0.7,1.0,3.0,3000,90030,3000,,,7542,0.0,20.518604040145874
tsp,tsp,52,berlin52,P-ACO,"K=20, ants=30, q0=0.7, beta=3",10,,20,30,0.7,1.0,3.0,3000,90030,3000,,,7542,0.0,20.878549098968506
tsp,tsp,52,berlin52,P-ACO,"K=20, ants=30, q0=0.7, beta=3",11,,20,30,0.7,1.0,3.0,3000,90030,3000,,,7542,0.0,20.560627937316895
tsp,tsp,52,berlin52,P-ACO,"K=20, ants=30, q0=0.7, beta=3",12,,20,30,0.7,1.0,3.0,3000,90030,3000,,,7542,0.0,20.458504915237427
tsp,tsp,52,berlin52,P-ACO,"K=20, ants=30, q0=0.7, beta=3",13,,20,30,0.7,1.0,3.0,3000,90030,3000,,,7542,0.0,20.550631999969482
tsp,tsp,52,berlin52,P-ACO,"K=20, ants=30, q0=0.7, beta=3",14,,20,30,0.7,1.0,3.0,3000,90030,3000,,,7542,0.0,20.559659957885742
tsp,tsp,52,berlin52,P-ACO,"K=20, ants=30, q0=0.9, beta=2",0,,20,30,0.9,1.0,2.0,3000,90030,3000,,,7542,0.0,18.96271586418152
tsp,tsp,52,berlin52,P-ACO,"K=20, ants=30, q0=0.9, beta=2",1,,20,30,0.9,1.0,2.0,3000,90030,3000,,,7542,0.0,18.989248037338257
tsp,tsp,52,berlin52,P-ACO,"K=20, ants=30, q0=0.9, beta=2",2,,20,30,0.9,1.0,2.0,3000,90030,3000,,,7542,0.0,19.127025842666626
tsp,tsp,52,berlin52,P-ACO,"K=20, ants=30, q0=0.9, beta=2",3,,20,30,0.9,1.0,2.0,3000,90030,3000,,,7542,0.0,18.965929985046387
tsp,tsp,52,berlin52,P-ACO,"K=20, ants=30, q0=0.9, beta=2",4,,20,30,0.9,1.0,2.0,3000,90030,3000,,,7542,0.0,18.956851959228516
tsp,tsp,52,berlin52,P-ACO,"K=20, ants=30, q0=0.9, beta=2",5,,20,30,0.9,1.0,2.0,3000,90030,3000,,,7542,0.0,19.08534002304077
tsp,tsp,52,berlin52,P-ACO,"K=20, ants=30, q0=0.9, beta=2",6,,20,30,0.9,1.0,2.0,3000,90030,3000,,,7715,2.2938212675682843,19.00599718093872
tsp,tsp,52,berlin52,P-ACO,"K=20, ants=30, q0=0.9, beta=2",7,,20,30,0.9,1.0,2.0,3000,90030,3000,,,7730,2.492707504640679,19.02108597755432
tsp,tsp,52,berlin52,P-ACO,"K=20, ants=30, q0=0.9, beta=2",8,,20,30,0.9,1.0,2.0,3000,90030,3000,,,7542,0.0,19.243579864501953
tsp,tsp,52,berlin52,P-ACO,"K=20, ants=30, q0=0.9, beta=2",9,,20,30,0.9,1.0,2.0,3000,90030,3000,,,7542,0.0,321.15922379493713
tsp,tsp,52,berlin52,P-ACO,"K=20, ants=30, q0=0.9, beta=2",10,,20,30,0.9,1.0,2.0,3000,90030,3000,,,7542,0.0,18.3519287109375
tsp,tsp,52,berlin52,P-ACO,"K=20, ants=30, q0=0.9, beta=2",11,,20,30,0.9,1.0,2.0,3000,90030,3000,,,7542,0.0,319.4229688644409
tsp,tsp,52,berlin52,P-ACO,"K=20, ants=30, q0=0.9, beta=2",12,,20,30,0.9,1.0,2.0,3000,90030,3000,,,7542,0.0,58.993016719818115
tsp,tsp,52,berlin52,P-ACO,"K=20, ants=30, q0=0.9, beta=2",13,,20,30,0.9,1.0,2.0,3000,90030,3000,,,7542,0.0,18.756770133972168
tsp,tsp,52,berlin52,P-ACO,"K=20, ants=30, q0=0.9, beta=2",14,,20,30,0.9,1.0,2.0,3000,90030,3000,,,7542,0.0,18.82485008239746
tsp,tsp,52,berlin52,P-ACO,"K=20, ants=30, q0=0.9, beta=3",0,,20,30,0.9,1.0,3.0,3000,90030,3000,,,7542,0.0,18.842979669570923
tsp,tsp,52,berlin52,P-ACO,"K=20, ants=30, q0=0.9, beta=3",1,,20,30,0.9,1.0,3.0,3000,90030,3000,,,7542,0.0,18.814325094223022
tsp,tsp,52,berlin52,P-ACO,"K=20, ants=30, q0=0.9, beta=3",2,,20,30,0.9,1.0,3.0,3000,90030,3000,,,7542,0.0,18.968420028686523
tsp,tsp,52,berlin52,P-ACO,"K=20, ants=30, q0=0.9, beta=3",3,,20,30,0.9,1.0,3.0,3000,90030,3000,,,7542,0.0,18.848793268203735
tsp,tsp,52,berlin52,P-ACO,"K=20, ants=30, q0=0.9, beta=3",4,,20,30,0.9,1.0,3.0,3000,90030,3000,,,7542,0.0,18.828241109848022
tsp,tsp,52,berlin52,P-ACO,"K=20, ants=30, q0=0.9, beta=3",5,,20,30,0.9,1.0,3.0,3000,90030,3000,,,7542,0.0,18.88717794418335
tsp,tsp,52,berlin52,P-ACO,"K=20, ants=30, q0=0.9, beta=3",6,,20,30,0.9,1.0,3.0,3000,90030,3000,,,7542,0.0,18.998584032058716
tsp,tsp,52,berlin52,P-ACO,"K=20, ants=30, q0=0.9, beta=3",7,,20,30,0.9,1.0,3.0,3000,90030,3000,,,7542,0.0,18.942076921463013
tsp,tsp,52,berlin52,P-ACO,"K=20, ants=30, q0=0.9, beta=3",8,,20,30,0.9,1.0,3.0,3000,90030,3000,,,7542,0.0,18.919008016586304
tsp,tsp,52,berlin52,P-ACO,"K=20, ants=30, q0=0.9, beta=3",9,,20,30,0.9,1.0,3.0,3000,90030,3000,,,7547,0.06629541235746486,19.08720898628235
tsp,tsp,52,berlin52,P-ACO,"K=20, ants=30, q0=0.9, beta=3",10,,20,30,0.9,1.0,3.0,3000,90030,3000,,,7547,0.06629541235746486,18.892096996307373
tsp,tsp,52,berlin52,P-ACO,"K=20, ants=30, q0=0.9, beta=3",11,,20,30,0.9,1.0,3.0,3000,90030,3000,,,7542,0.0,18.921489238739014
tsp,tsp,52,berlin52,P-ACO,"K=20, ants=30, q0=0.9, beta=3",12,,20,30,0.9,1.0,3.0,3000,90030,3000,,,7542,0.0,19.009305000305176
tsp,tsp,52,berlin52,P-ACO,"K=20, ants=30, q0=0.9, beta=3",13,,20,30,0.9,1.0,3.0,3000,90030,3000,,,7542,0.0,18.92116904258728
tsp,tsp,52,berlin52,P-ACO,"K=20, ants=30, q0=0.9, beta=3",14,,20,30,0.9,1.0,3.0,3000,90030,3000,,,7542,0.0,18.885886907577515
