n,config,mu,lambda,tournament_k,crossover_type,seed,fitness_evaluations,iterations,final_fitness,reached_optimum,elapsed_seconds
100,(1+1),1,1,3,single_point,0,10669,10668,100,True,0.22430777549743652
100,(1+1),1,1,3,single_point,1,9331,9330,100,True,0.19625091552734375
100,(1+1),1,1,3,single_point,2,9145,9144,100,True,0.1920161247253418
100,(1+1),1,1,3,single_point,3,9192,9191,100,True,0.19071722030639648
100,(1+1),1,1,3,single_point,4,9628,9627,100,True,0.19890928268432617
100,(1+1),1,1,3,single_point,5,8727,8726,100,True,0.18193507194519043
100,(1+1),1,1,3,single_point,6,8669,8668,100,True,0.18368291854858398
100,(2+10),2,10,3,single_point,0,7232,723,100,True,0.1131889820098877
100,(2+10),2,10,3,single_point,1,6692,669,100,True,0.08422303199768066
100,(2+10),2,10,3,single_point,2,10432,1043,100,True,0.11997604370117188
100,(2+10),2,10,3,single_point,3,7722,772,100,True,0.06722807884216309
100,(2+10),2,10,3,single_point,4,9292,929,100,True,0.08006525039672852
100,(2+10),2,10,3,single_point,5,8372,837,100,True,0.07211494445800781
100,(2+10),2,10,3,single_point,6,9862,986,100,True,0.08441805839538574
100,(5+25),5,25,3,single_point,0,11030,441,100,True,0.09383821487426758
100,(5+25),5,25,3,single_point,1,10280,411,100,True,0.08610892295837402
100,(5+25),5,25,3,single_point,2,9130,365,100,True,0.07760930061340332
100,(5+25),5,25,3,single_point,3,10455,418,100,True,0.09151482582092285
100,(5+25),5,25,3,single_point,4,10505,420,100,True,0.09064006805419922
100,(5+25),5,25,3,single_point,5,7255,290,100,True,0.0628361701965332
100,(5+25),5,25,3,single_point,6,12605,504,100,True,0.11573505401611328
200,(1+1),1,1,3,single_point,0,35204,35203,200,True,1.2893149852752686
200,(1+1),1,1,3,single_point,1,35357,35356,200,True,1.2626559734344482
200,(1+1),1,1,3,single_point,2,34135,34134,200,True,1.2225000858306885
200,(1+1),1,1,3,single_point,3,32637,32636,200,True,1.1679301261901855
200,(1+1),1,1,3,single_point,4,36133,36132,200,True,1.2923269271850586
200,(1+1),1,1,3,single_point,5,33342,33341,200,True,1.1929452419281006
200,(1+1),1,1,3,single_point,6,30134,30133,200,True,1.0743610858917236
200,(2+10),2,10,3,single_point,0,37852,3785,200,True,0.5329737663269043
200,(2+10),2,10,3,single_point,1,38652,3865,200,True,0.5491712093353271
200,(2+10),2,10,3,single_point,2,25652,2565,200,True,0.36080217361450195
200,(2+10),2,10,3,single_point,3,34042,3404,200,True,0.4762911796569824
200,(2+10),2,10,3,single_point,4,33692,3369,200,True,0.46869611740112305
200,(2+10),2,10,3,single_point,5,33682,3368,200,True,0.47119808197021484
200,(2+10),2,10,3,single_point,6,38962,3896,200,True,0.5412049293518066
200,(5+25),5,25,3,single_point,0,38105,1524,200,True,0.5229599475860596
200,(5+25),5,25,3,single_point,1,38880,1555,200,True,0.5415847301483154
200,(5+25),5,25,3,single_point,2,38805,1552,200,True,0.5446939468383789
200,(5+25),5,25,3,single_point,3,30705,1228,200,True,0.4220428466796875
200,(5+25),5,25,3,single_point,4,33455,1338,200,True,0.45902180671691895
200,(5+25),5,25,3,single_point,5,30855,1234,200,True,0.42261815071105957
200,(5+25),5,25,3,single_point,6,45380,1815,200,True,0.6341087818145752
300,(1+1),1,1,3,single_point,0,87304,87303,300,True,4.506901979446411
300,(1+1),1,1,3,single_point,1,70790,70789,300,True,3.592245101928711
300,(1+1),1,1,3,single_point,2,85846,85845,300,True,4.483114004135132
300,(1+1),1,1,3,single_point,3,79558,79557,300,True,4.062119960784912
300,(1+1),1,1,3,single_point,4,73684,73683,300,True,3.7658519744873047
300,(1+1),1,1,3,single_point,5,76711,76710,300,True,3.9174129962921143
300,(1+1),1,1,3,single_point,6,78596,78595,300,True,4.021740198135376
300,(2+10),2,10,3,single_point,0,78112,7811,300,True,1.5614700317382812
300,(2+10),2,10,3,single_point,1,82012,8201,300,True,1.634305715560913
300,(2+10),2,10,3,single_point,2,79602,7960,300,True,1.588099718093872
300,(2+10),2,10,3,single_point,3,79692,7969,300,True,1.6007611751556396
300,(2+10),2,10,3,single_point,4,71362,7136,300,True,1.4209399223327637
300,(2+10),2,10,3,single_point,5,70622,7062,300,True,1.4229679107666016
300,(2+10),2,10,3,single_point,6,76822,7682,300,True,1.567000150680542
300,(5+25),5,25,3,single_point,0,88455,3538,300,True,1.7558519840240479
300,(5+25),5,25,3,single_point,1,73155,2926,300,True,1.4266853332519531
300,(5+25),5,25,3,single_point,2,72655,2906,300,True,1.408277988433838
300,(5+25),5,25,3,single_point,3,77530,3101,300,True,1.5344760417938232
300,(5+25),5,25,3,single_point,4,78030,3121,300,True,1.5349571704864502
300,(5+25),5,25,3,single_point,5,81780,3271,300,True,1.6109411716461182
300,(5+25),5,25,3,single_point,6,84630,3385,300,True,1.6867778301239014
400,(1+1),1,1,3,single_point,0,135094,135093,400,True,9.066473245620728
400,(1+1),1,1,3,single_point,1,164202,164201,400,True,11.214709043502808
400,(1+1),1,1,3,single_point,2,142171,142170,400,True,9.56622576713562
400,(1+1),1,1,3,single_point,3,133576,133575,400,True,9.00486135482788
400,(1+1),1,1,3,single_point,4,153171,153170,400,True,10.188772916793823
400,(1+1),1,1,3,single_point,5,130262,130261,400,True,8.706943988800049
400,(1+1),1,1,3,single_point,6,142683,142682,400,True,9.495391845703125
400,(2+10),2,10,3,single_point,0,145732,14573,400,True,3.738007068634033
400,(2+10),2,10,3,single_point,1,116552,11655,400,True,3.039376974105835
400,(2+10),2,10,3,single_point,2,122942,12294,400,True,3.1470437049865723
400,(2+10),2,10,3,single_point,3,119592,11959,400,True,3.0369269847869873
400,(2+10),2,10,3,single_point,4,149452,14945,400,True,3.878735065460205
400,(2+10),2,10,3,single_point,5,133752,13375,400,True,3.4274492263793945
400,(2+10),2,10,3,single_point,6,121942,12194,400,True,3.1038360595703125
400,(5+25),5,25,3,single_point,0,146155,5846,400,True,3.663465976715088
400,(5+25),5,25,3,single_point,1,147605,5904,400,True,3.6903328895568848
400,(5+25),5,25,3,single_point,2,158430,6337,400,True,3.9569129943847656
400,(5+25),5,25,3,single_point,3,122980,4919,400,True,3.0786139965057373
400,(5+25),5,25,3,single_point,4,188155,7526,400,True,4.749607086181641
400,(5+25),5,25,3,single_point,5,132430,5297,400,True,3.2743868827819824
400,(5+25),5,25,3,single_point,6,122305,4892,400,True,3.0536437034606934
500,(1+1),1,1,3,single_point,0,215674,215673,500,True,17.982004165649414
500,(1+1),1,1,3,single_point,1,215654,215653,500,True,18.47484588623047
500,(1+1),1,1,3,single_point,2,202850,202849,500,True,17.70500421524048
500,(1+1),1,1,3,single_point,3,224321,224320,500,True,18.94105076789856
500,(1+1),1,1,3,single_point,4,217545,217544,500,True,18.126559019088745
500,(1+1),1,1,3,single_point,5,196453,196452,500,True,16.295692682266235
500,(1+1),1,1,3,single_point,6,231091,231090,500,True,19.193021059036255
500,(2+10),2,10,3,single_point,0,206452,20645,500,True,6.443925142288208
500,(2+10),2,10,3,single_point,1,218782,21878,500,True,7.002547025680542
500,(2+10),2,10,3,single_point,2,196912,19691,500,True,6.143826961517334
500,(2+10),2,10,3,single_point,3,198842,19884,500,True,6.441688060760498
500,(2+10),2,10,3,single_point,4,210562,21056,500,True,6.747697830200195
500,(2+10),2,10,3,single_point,5,197622,19762,500,True,6.333080768585205
500,(2+10),2,10,3,single_point,6,221002,22100,500,True,7.230098009109497
500,(5+25),5,25,3,single_point,0,217530,8701,500,True,6.873486042022705
500,(5+25),5,25,3,single_point,1,204105,8164,500,True,6.429084062576294
500,(5+25),5,25,3,single_point,2,241030,9641,500,True,7.689088821411133
500,(5+25),5,25,3,single_point,3,231005,9240,500,True,7.310853004455566
500,(5+25),5,25,3,single_point,4,235130,9405,500,True,7.306005954742432
500,(5+25),5,25,3,single_point,5,216755,8670,500,True,6.816962242126465
500,(5+25),5,25,3,single_point,6,224930,8997,500,True,7.190510988235474
