problem,crossover,bit_length,mu,lambda,seed,fitness_evaluations,iterations,final_fitness,reached_optimum,elapsed_seconds
onemax,single_point,100,5,25,0,1180,47,100,True,0.012111902236938477
onemax,single_point,100,5,25,1,1355,54,100,True,0.013360023498535156
onemax,single_point,100,5,25,2,1230,49,100,True,0.012135982513427734
onemax,single_point,100,5,25,3,1280,51,100,True,0.012807130813598633
onemax,single_point,100,5,25,4,1330,53,100,True,0.013872146606445312
onemax,single_point,100,5,25,5,1030,41,100,True,0.010512828826904297
onemax,single_point,100,5,25,6,1430,57,100,True,0.014684915542602539
onemax,single_point,100,5,25,7,1730,69,100,True,0.0178530216217041
onemax,single_point,100,5,25,8,1080,43,100,True,0.011436939239501953
onemax,single_point,100,5,25,9,1305,52,100,True,0.013727903366088867
onemax,single_point,100,5,25,10,1555,62,100,True,0.015763044357299805
onemax,single_point,100,5,25,11,1205,48,100,True,0.012320995330810547
onemax,single_point,100,5,25,12,1130,45,100,True,0.011713027954101562
onemax,single_point,100,5,25,13,1480,59,100,True,0.015673160552978516
onemax,single_point,100,5,25,14,1255,50,100,True,0.013622045516967773
onemax,single_point,100,5,25,15,1230,49,100,True,0.013086318969726562
onemax,single_point,100,5,25,16,1380,55,100,True,0.014445066452026367
onemax,single_point,100,5,25,17,1855,74,100,True,0.018864870071411133
onemax,single_point,100,5,25,18,1605,64,100,True,0.01685476303100586
onemax,single_point,100,5,25,19,1405,56,100,True,0.01433110237121582
onemax,single_point,100,5,25,20,1955,78,100,True,0.020373106002807617
onemax,single_point,100,5,25,21,1755,70,100,True,0.017446279525756836
onemax,single_point,100,5,25,22,1430,57,100,True,0.014495849609375
onemax,single_point,100,5,25,23,1380,55,100,True,0.014215946197509766
onemax,single_point,100,5,25,24,1005,40,100,True,0.010345935821533203
onemax,single_point,100,5,25,25,1180,47,100,True,0.01219320297241211
onemax,single_point,100,5,25,26,1280,51,100,True,0.013213872909545898
onemax,single_point,100,5,25,27,1405,56,100,True,0.01509714126586914
onemax,single_point,100,5,25,28,1730,69,100,True,0.017573118209838867
onemax,single_point,100,5,25,29,1380,55,100,True,0.014284133911132812
onemax,single_point,100,5,25,30,1280,51,100,True,0.013159036636352539
onemax,single_point,100,5,25,31,1030,41,100,True,0.010877847671508789
onemax,single_point,100,5,25,32,1530,61,100,True,0.015486001968383789
onemax,single_point,100,5,25,33,1230,49,100,True,0.013057947158813477
onemax,single_point,100,5,25,34,1230,49,100,True,0.01283884048461914
onemax,single_point,100,5,25,35,1280,51,100,True,0.012820005416870117
onemax,single_point,100,5,25,36,1280,51,100,True,0.013048887252807617
onemax,single_point,100,5,25,37,1430,57,100,True,0.01470494270324707
onemax,single_point,100,5,25,38,1480,59,100,True,0.014562129974365234
onemax,single_point,100,5,25,39,1680,67,100,True,0.01687312126159668
onemax,single_point,100,5,25,40,1380,55,100,True,0.013986825942993164
onemax,single_point,100,5,25,41,1080,43,100,True,0.011085987091064453
onemax,single_point,100,5,25,42,1555,62,100,True,0.015731096267700195
onemax,single_point,100,5,25,43,1180,47,100,True,0.011811017990112305
onemax,single_point,100,5,25,44,1480,59,100,True,0.015329122543334961
onemax,single_point,100,5,25,45,1830,73,100,True,0.018440961837768555
onemax,single_point,100,5,25,46,1305,52,100,True,0.012764930725097656
onemax,single_point,100,5,25,47,1480,59,100,True,0.015066862106323242
onemax,single_point,100,5,25,48,905,36,100,True,0.009306907653808594
onemax,single_point,100,5,25,49,1205,48,100,True,0.012312650680541992
onemax,two_point,100,5,25,0,1955,78,100,True,0.01996922492980957
onemax,two_point,100,5,25,1,1505,60,100,True,0.015568017959594727
onemax,two_point,100,5,25,2,2155,86,100,True,0.02196669578552246
onemax,two_point,100,5,25,3,1030,41,100,True,0.010478973388671875
onemax,two_point,100,5,25,4,1230,49,100,True,0.012633085250854492
onemax,two_point,100,5,25,5,1180,47,100,True,0.012021064758300781
onemax,two_point,100,5,25,6,1180,47,100,True,0.011866092681884766
onemax,two_point,100,5,25,7,1030,41,100,True,0.010457038879394531
onemax,two_point,100,5,25,8,1255,50,100,True,0.012842893600463867
onemax,two_point,100,5,25,9,1405,56,100,True,0.014065980911254883
onemax,two_point,100,5,25,10,1780,71,100,True,0.018375158309936523
onemax,two_point,100,5,25,11,1705,68,100,True,0.01729893684387207
onemax,two_point,100,5,25,12,1355,54,100,True,0.013418912887573242
onemax,two_point,100,5,25,13,1480,59,100,True,0.015110969543457031
onemax,two_point,100,5,25,14,1255,50,100,True,0.01287698745727539
onemax,two_point,100,5,25,15,2205,88,100,True,0.022322893142700195
onemax,two_point,100,5,25,16,1830,73,100,True,0.018385887145996094
onemax,two_point,100,5,25,17,1505,60,100,True,0.015254974365234375
onemax,two_point,100,5,25,18,1155,46,100,True,0.011893987655639648
onemax,two_point,100,5,25,19,1405,56,100,True,0.014222860336303711
onemax,two_point,100,5,25,20,1680,67,100,True,0.01698780059814453
onemax,two_point,100,5,25,21,1205,48,100,True,0.012149572372436523
onemax,two_point,100,5,25,22,1630,65,100,True,0.01647806167602539
onemax,two_point,100,5,25,23,1005,40,100,True,0.010133028030395508
onemax,two_point,100,5,25,24,1505,60,100,True,0.0155792236328125
onemax,two_point,100,5,25,25,1155,46,100,True,0.011342048645019531
onemax,two_point,100,5,25,26,1355,54,100,True,0.013742208480834961
onemax,two_point,100,5,25,27,1705,68,100,True,0.017387866973876953
onemax,two_point,100,5,25,28,1280,51,100,True,0.013047218322753906
onemax,two_point,100,5,25,29,1705,68,100,True,0.017075061798095703
onemax,two_point,100,5,25,30,1105,44,100,True,0.011011123657226562
onemax,two_point,100,5,25,31,1530,61,100,True,0.01555490493774414
onemax,two_point,100,5,25,32,1180,47,100,True,0.011750221252441406
onemax,two_point,100,5,25,33,1755,70,100,True,0.017718076705932617
onemax,two_point,100,5,25,34,1305,52,100,True,0.013331174850463867
onemax,two_point,100,5,25,35,2205,88,100,True,0.02222609519958496
onemax,two_point,100,5,25,36,1355,54,100,True,0.013732194900512695
onemax,two_point,100,5,25,37,1030,41,100,True,0.010509252548217773
onemax,two_point,100,5,25,38,1255,50,100,True,0.012829065322875977
onemax,two_point,100,5,25,39,1805,72,100,True,0.018157005310058594
onemax,two_point,100,5,25,40,1480,59,100,True,0.015108108520507812
onemax,two_point,100,5,25,41,1130,45,100,True,0.011570930480957031
onemax,two_point,100,5,25,42,1180,47,100,True,0.012058019638061523
onemax,two_point,100,5,25,43,1655,66,100,True,0.01659703254699707
onemax,two_point,100,5,25,44,1330,53,100,True,0.013550043106079102
onemax,two_point,100,5,25,45,1205,48,100,True,0.01225590705871582
onemax,two_point,100,5,25,46,1480,59,100,True,0.014945030212402344
onemax,two_point,100,5,25,47,1755,70,100,True,0.0177462100982666
onemax,two_point,100,5,25,48,1305,52,100,True,0.013030052185058594
onemax,two_point,100,5,25,49,1555,62,100,True,0.015607118606567383
onemax,three_point,100,5,25,0,1480,59,100,True,0.016133785247802734
onemax,three_point,100,5,25,1,1405,56,100,True,0.01508188247680664
onemax,three_point,100,5,25,2,1530,61,100,True,0.016522884368896484
onemax,three_point,100,5,25,3,1280,51,100,True,0.014230966567993164
onemax,three_point,100,5,25,4,1905,76,100,True,0.02069878578186035
onemax,three_point,100,5,25,5,1205,48,100,True,0.013054847717285156
onemax,three_point,100,5,25,6,1555,62,100,True,0.016761064529418945
onemax,three_point,100,5,25,7,1330,53,100,True,0.014195919036865234
onemax,three_point,100,5,25,8,1305,52,100,True,0.013972997665405273
onemax,three_point,100,5,25,9,1030,41,100,True,0.011054039001464844
onemax,three_point,100,5,25,10,1355,54,100,True,0.014776945114135742
onemax,three_point,100,5,25,11,1155,46,100,True,0.012466907501220703
onemax,three_point,100,5,25,12,1930,77,100,True,0.020565032958984375
onemax,three_point,100,5,25,13,1905,76,100,True,0.02061176300048828
onemax,three_point,100,5,25,14,930,37,100,True,0.009994029998779297
onemax,three_point,100,5,25,15,1255,50,100,True,0.013470888137817383
onemax,three_point,100,5,25,16,1780,71,100,True,0.019148826599121094
onemax,three_point,100,5,25,17,1205,48,100,True,0.013038873672485352
onemax,three_point,100,5,25,18,905,36,100,True,0.009877920150756836
onemax,three_point,100,5,25,19,1330,53,100,True,0.014672994613647461
onemax,three_point,100,5,25,20,1855,74,100,True,0.020303964614868164
onemax,three_point,100,5,25,21,1330,53,100,True,0.014104843139648438
onemax,three_point,100,5,25,22,1680,67,100,True,0.018035888671875
onemax,three_point,100,5,25,23,1205,48,100,True,0.012964010238647461
onemax,three_point,100,5,25,24,1505,60,100,True,0.01631784439086914
onemax,three_point,100,5,25,25,1180,47,100,True,0.012780904769897461
onemax,three_point,100,5,25,26,1130,45,100,True,0.012311697006225586
onemax,three_point,100,5,25,27,1280,51,100,True,0.013761043548583984
onemax,three_point,100,5,25,28,1705,68,100,True,0.018278837203979492
onemax,three_point,100,5,25,29,1305,52,100,True,0.014143943786621094
onemax,three_point,100,5,25,30,1205,48,100,True,0.013056039810180664
onemax,three_point,100,5,25,31,1255,50,100,True,0.013570070266723633
onemax,three_point,100,5,25,32,1205,48,100,True,0.012989997863769531
onemax,three_point,100,5,25,33,1255,50,100,True,0.013545036315917969
onemax,three_point,100,5,25,34,1030,41,100,True,0.011312007904052734
onemax,three_point,100,5,25,35,1030,41,100,True,0.010966062545776367
onemax,three_point,100,5,25,36,1255,50,100,True,0.013748884201049805
onemax,three_point,100,5,25,37,1530,61,100,True,0.016719818115234375
onemax,three_point,100,5,25,38,1130,45,100,True,0.012516975402832031
onemax,three_point,100,5,25,39,1155,46,100,True,0.012490034103393555
onemax,three_point,100,5,25,40,1380,55,100,True,0.01537013053894043
onemax,three_point,100,5,25,41,1255,50,100,True,0.013637781143188477
onemax,three_point,100,5,25,42,1255,50,100,True,0.013738155364990234
onemax,three_point,100,5,25,43,2255,90,100,True,0.024137020111083984
onemax,three_point,100,5,25,44,1355,54,100,True,0.014842033386230469
onemax,three_point,100,5,25,45,1405,56,100,True,0.015202045440673828
onemax,three_point,100,5,25,46,1130,45,100,True,0.012363910675048828
onemax,three_point,100,5,25,47,1180,47,100,True,0.012862205505371094
onemax,three_point,100,5,25,48,1605,64,100,True,0.017355918884277344
onemax,three_point,100,5,25,49,1605,64,100,True,0.017519235610961914
onemax,four_point,100,5,25,0,1155,46,100,True,0.012660980224609375
onemax,four_point,100,5,25,1,1180,47,100,True,0.013012886047363281
onemax,four_point,100,5,25,2,1355,54,100,True,0.015250921249389648
onemax,four_point,100,5,25,3,1305,52,100,True,0.014368772506713867
onemax,four_point,100,5,25,4,1055,42,100,True,0.01143193244934082
onemax,four_point,100,5,25,5,1230,49,100,True,0.01359105110168457
onemax,four_point,100,5,25,6,1480,59,100,True,0.016414880752563477
onemax,four_point,100,5,25,7,1180,47,100,True,0.012849092483520508
onemax,four_point,100,5,25,8,1705,68,100,True,0.018572092056274414
onemax,four_point,100,5,25,9,1405,56,100,True,0.015722036361694336
onemax,four_point,100,5,25,10,1230,49,100,True,0.013514995574951172
onemax,four_point,100,5,25,11,1380,55,100,True,0.015352249145507812
onemax,four_point,100,5,25,12,1930,77,100,True,0.02121591567993164
onemax,four_point,100,5,25,13,1205,48,100,True,0.012861967086791992
onemax,four_point,100,5,25,14,1380,55,100,True,0.01509714126586914
onemax,four_point,100,5,25,15,1255,50,100,True,0.013664007186889648
onemax,four_point,100,5,25,16,1080,43,100,True,0.012032032012939453
onemax,four_point,100,5,25,17,2555,102,100,True,0.027827978134155273
onemax,four_point,100,5,25,18,1455,58,100,True,0.0160677433013916
onemax,four_point,100,5,25,19,1155,46,100,True,0.012532949447631836
onemax,four_point,100,5,25,20,1280,51,100,True,0.014194965362548828
onemax,four_point,100,5,25,21,1205,48,100,True,0.01317286491394043
onemax,four_point,100,5,25,22,2105,84,100,True,0.022890090942382812
onemax,four_point,100,5,25,23,1530,61,100,True,0.01654791831970215
onemax,four_point,100,5,25,24,2005,80,100,True,0.022186994552612305
onemax,four_point,100,5,25,25,1580,63,100,True,0.017480850219726562
onemax,four_point,100,5,25,26,1205,48,100,True,0.01323080062866211
onemax,four_point,100,5,25,27,1130,45,100,True,0.012541055679321289
onemax,four_point,100,5,25,28,1305,52,100,True,0.014061927795410156
onemax,four_point,100,5,25,29,1255,50,100,True,0.013860940933227539
onemax,four_point,100,5,25,30,1305,52,100,True,0.01434016227722168
onemax,four_point,100,5,25,31,1330,53,100,True,0.01468515396118164
onemax,four_point,100,5,25,32,1805,72,100,True,0.020203113555908203
onemax,four_point,100,5,25,33,1480,59,100,True,0.01648998260498047
onemax,four_point,100,5,25,34,1130,45,100,True,0.012486934661865234
onemax,four_point,100,5,25,35,1405,56,100,True,0.01568603515625
onemax,four_point,100,5,25,36,880,35,100,True,0.009763717651367188
onemax,four_point,100,5,25,37,1355,54,100,True,0.014625072479248047
onemax,four_point,100,5,25,38,1480,59,100,True,0.016339778900146484
onemax,four_point,100,5,25,39,1780,71,100,True,0.019956111907958984
onemax,four_point,100,5,25,40,1555,62,100,True,0.017021894454956055
onemax,four_point,100,5,25,41,1105,44,100,True,0.012186765670776367
onemax,four_point,100,5,25,42,1030,41,100,True,0.011410951614379883
onemax,four_point,100,5,25,43,1530,61,100,True,0.016726016998291016
onemax,four_point,100,5,25,44,1555,62,100,True,0.016932964324951172
onemax,four_point,100,5,25,45,1580,63,100,True,0.01749396324157715
onemax,four_point,100,5,25,46,1305,52,100,True,0.014187097549438477
onemax,four_point,100,5,25,47,1705,68,100,True,0.01878190040588379
onemax,four_point,100,5,25,48,1105,44,100,True,0.012418746948242188
onemax,four_point,100,5,25,49,1780,71,100,True,0.019404172897338867
onemax,uniform,100,5,25,0,1630,65,100,True,0.022154808044433594
onemax,uniform,100,5,25,1,1005,40,100,True,0.013565778732299805
onemax,uniform,100,5,25,2,905,36,100,True,0.01223301887512207
onemax,uniform,100,5,25,3,1030,41,100,True,0.013939857482910156
onemax,uniform,100,5,25,4,1180,47,100,True,0.015886783599853516
onemax,uniform,100,5,25,5,1180,47,100,True,0.01593494415283203
onemax,uniform,100,5,25,6,1105,44,100,True,0.014680147171020508
onemax,uniform,100,5,25,7,980,39,100,True,0.013362884521484375
onemax,uniform,100,5,25,8,1305,52,100,True,0.01731109619140625
onemax,uniform,100,5,25,9,1255,50,100,True,0.01672816276550293
onemax,uniform,100,5,25,10,1055,42,100,True,0.014314889907836914
onemax,uniform,100,5,25,11,1105,44,100,True,0.015027046203613281
onemax,uniform,100,5,25,12,1530,61,100,True,0.020500898361206055
onemax,uniform,100,5,25,13,1105,44,100,True,0.014959096908569336
onemax,uniform,100,5,25,14,955,38,100,True,0.01282811164855957
onemax,uniform,100,5,25,15,1205,48,100,True,0.01588892936706543
onemax,uniform,100,5,25,16,1580,63,100,True,0.02109503746032715
onemax,uniform,100,5,25,17,1555,62,100,True,0.020657062530517578
onemax,uniform,100,5,25,18,805,32,100,True,0.010948657989501953
onemax,uniform,100,5,25,19,1030,41,100,True,0.013974905014038086
onemax,uniform,100,5,25,20,1180,47,100,True,0.01564192771911621
onemax,uniform,100,5,25,21,1430,57,100,True,0.01906895637512207
onemax,uniform,100,5,25,22,980,39,100,True,0.013289928436279297
onemax,uniform,100,5,25,23,880,35,100,True,0.011860847473144531
onemax,uniform,100,5,25,24,1130,45,100,True,0.015056848526000977
onemax,uniform,100,5,25,25,955,38,100,True,0.013091087341308594
onemax,uniform,100,5,25,26,1155,46,100,True,0.015559911727905273
onemax,uniform,100,5,25,27,1180,47,100,True,0.015783071517944336
onemax,uniform,100,5,25,28,1130,45,100,True,0.015377044677734375
onemax,uniform,100,5,25,29,980,39,100,True,0.013175725936889648
onemax,uniform,100,5,25,30,1380,55,100,True,0.018548965454101562
onemax,uniform,100,5,25,31,2830,113,100,True,0.03737616539001465
onemax,uniform,100,5,25,32,1080,43,100,True,0.01450490951538086
onemax,uniform,100,5,25,33,2205,88,100,True,0.029206037521362305
onemax,uniform,100,5,25,34,1030,41,100,True,0.01380610466003418
onemax,uniform,100,5,25,35,1105,44,100,True,0.014516830444335938
onemax,uniform,100,5,25,36,1105,44,100,True,0.014746904373168945
onemax,uniform,100,5,25,37,1080,43,100,True,0.014347076416015625
onemax,uniform,100,5,25,38,1355,54,100,True,0.01826190948486328
onemax,uniform,100,5,25,39,1130,45,100,True,0.01540517807006836
onemax,uniform,100,5,25,40,1255,50,100,True,0.01708197593688965
onemax,uniform,100,5,25,41,1780,71,100,True,0.023837804794311523
onemax,uniform,100,5,25,42,1280,51,100,True,0.017377614974975586
onemax,uniform,100,5,25,43,1305,52,100,True,0.017374753952026367
onemax,uniform,100,5,25,44,1930,77,100,True,0.025548934936523438
onemax,uniform,100,5,25,45,1105,44,100,True,0.014758110046386719
onemax,uniform,100,5,25,46,1055,42,100,True,0.013850212097167969
onemax,uniform,100,5,25,47,1755,70,100,True,0.023578882217407227
onemax,uniform,100,5,25,48,980,39,100,True,0.013265132904052734
onemax,uniform,100,5,25,49,1230,49,100,True,0.016525983810424805
leadingones,single_point,100,5,25,0,11030,441,100,True,0.0918281078338623
leadingones,single_point,100,5,25,1,10280,411,100,True,0.08576202392578125
leadingones,single_point,100,5,25,2,9130,365,100,True,0.07636809349060059
leadingones,single_point,100,5,25,3,10455,418,100,True,0.08837103843688965
leadingones,single_point,100,5,25,4,10505,420,100,True,0.08828115463256836
leadingones,single_point,100,5,25,5,7255,290,100,True,0.060842037200927734
leadingones,single_point,100,5,25,6,12605,504,100,True,0.10494279861450195
leadingones,single_point,100,5,25,7,9580,383,100,True,0.07927227020263672
leadingones,single_point,100,5,25,8,9955,398,100,True,0.08305478096008301
leadingones,single_point,100,5,25,9,9555,382,100,True,0.07982778549194336
leadingones,single_point,100,5,25,10,10380,415,100,True,0.08793973922729492
leadingones,single_point,100,5,25,11,8305,332,100,True,0.06894111633300781
leadingones,single_point,100,5,25,12,8155,326,100,True,0.07712292671203613
leadingones,single_point,100,5,25,13,9230,369,100,True,0.0965721607208252
leadingones,single_point,100,5,25,14,9955,398,100,True,0.0831761360168457
leadingones,single_point,100,5,25,15,9930,397,100,True,0.08125805854797363
leadingones,single_point,100,5,25,16,12805,512,100,True,0.10701894760131836
leadingones,single_point,100,5,25,17,11055,442,100,True,0.09261703491210938
leadingones,single_point,100,5,25,18,8030,321,100,True,0.06833171844482422
leadingones,single_point,100,5,25,19,8780,351,100,True,0.07382512092590332
leadingones,single_point,100,5,25,20,10880,435,100,True,0.09016704559326172
leadingones,single_point,100,5,25,21,13155,526,100,True,0.11125707626342773
leadingones,single_point,100,5,25,22,8930,357,100,True,0.07308697700500488
leadingones,single_point,100,5,25,23,11955,478,100,True,0.10071396827697754
leadingones,single_point,100,5,25,24,10605,424,100,True,0.08886981010437012
leadingones,single_point,100,5,25,25,12505,500,100,True,0.10477304458618164
leadingones,single_point,100,5,25,26,7480,299,100,True,0.061681270599365234
leadingones,single_point,100,5,25,27,9905,396,100,True,0.08391809463500977
leadingones,single_point,100,5,25,28,10505,420,100,True,0.08707594871520996
leadingones,single_point,100,5,25,29,6755,270,100,True,0.05639386177062988
leadingones,single_point,100,5,25,30,7355,294,100,True,0.06185483932495117
leadingones,single_point,100,5,25,31,10405,416,100,True,0.08745908737182617
leadingones,single_point,100,5,25,32,8705,348,100,True,0.07272815704345703
leadingones,single_point,100,5,25,33,8880,355,100,True,0.0739448070526123
leadingones,single_point,100,5,25,34,9205,368,100,True,0.07705807685852051
leadingones,single_point,100,5,25,35,11230,449,100,True,0.09456896781921387
leadingones,single_point,100,5,25,36,7380,295,100,True,0.06231975555419922
leadingones,single_point,100,5,25,37,9730,389,100,True,0.0820159912109375
leadingones,single_point,100,5,25,38,5855,234,100,True,0.04800701141357422
leadingones,single_point,100,5,25,39,9805,392,100,True,0.08183503150939941
leadingones,single_point,100,5,25,40,9280,371,100,True,0.07452702522277832
leadingones,single_point,100,5,25,41,10880,435,100,True,0.08887124061584473
leadingones,single_point,100,5,25,42,10130,405,100,True,0.08236002922058105
leadingones,single_point,100,5,25,43,10405,416,100,True,0.08517599105834961
leadingones,single_point,100,5,25,44,12205,488,100,True,0.10054564476013184
leadingones,single_point,100,5,25,45,7580,303,100,True,0.06133008003234863
leadingones,single_point,100,5,25,46,9480,379,100,True,0.07655191421508789
leadingones,single_point,100,5,25,47,9730,389,100,True,0.08028221130371094
leadingones,single_point,100,5,25,48,12180,487,100,True,0.1011037826538086
leadingones,single_point,100,5,25,49,8905,356,100,True,0.07470989227294922
leadingones,two_point,100,5,25,0,9930,397,100,True,0.0869910717010498
leadingones,two_point,100,5,25,1,9305,372,100,True,0.0811920166015625
leadingones,two_point,100,5,25,2,12280,491,100,True,0.10805892944335938
leadingones,two_point,100,5,25,3,8455,338,100,True,0.07354974746704102
leadingones,two_point,100,5,25,4,9730,389,100,True,0.08095216751098633
leadingones,two_point,100,5,25,5,10630,425,100,True,0.09299397468566895
leadingones,two_point,100,5,25,6,9680,387,100,True,0.08398294448852539
leadingones,two_point,100,5,25,7,10630,425,100,True,0.090972900390625
leadingones,two_point,100,5,25,8,9105,364,100,True,0.07865691184997559
leadingones,two_point,100,5,25,9,11005,440,100,True,0.09376096725463867
leadingones,two_point,100,5,25,10,9805,392,100,True,0.08440589904785156
leadingones,two_point,100,5,25,11,12380,495,100,True,0.10651993751525879
leadingones,two_point,100,5,25,12,8730,349,100,True,0.0755918025970459
leadingones,two_point,100,5,25,13,8530,341,100,True,0.0727701187133789
leadingones,two_point,100,5,25,14,8780,351,100,True,0.07595205307006836
leadingones,two_point,100,5,25,15,9480,379,100,True,0.08103704452514648
leadingones,two_point,100,5,25,16,10505,420,100,True,0.0920109748840332
leadingones,two_point,100,5,25,17,6155,246,100,True,0.05623292922973633
leadingones,two_point,100,5,25,18,7705,308,100,True,0.07235884666442871
leadingones,two_point,100,5,25,19,6280,251,100,True,0.06318902969360352
leadingones,two_point,100,5,25,20,8880,355,100,True,0.08054995536804199
leadingones,two_point,100,5,25,21,7805,312,100,True,0.07283997535705566
leadingones,two_point,100,5,25,22,9280,371,100,True,0.08655619621276855
leadingones,two_point,100,5,25,23,12455,498,100,True,0.11147308349609375
leadingones,two_point,100,5,25,24,9580,383,100,True,0.08127307891845703
leadingones,two_point,100,5,25,25,8880,355,100,True,0.07617688179016113
leadingones,two_point,100,5,25,26,11730,469,100,True,0.09947013854980469
leadingones,two_point,100,5,25,27,9180,367,100,True,0.07846307754516602
leadingones,two_point,100,5,25,28,9455,378,100,True,0.0798492431640625
leadingones,two_point,100,5,25,29,12030,481,100,True,0.10282015800476074
leadingones,two_point,100,5,25,30,6430,257,100,True,0.055181026458740234
leadingones,two_point,100,5,25,31,9205,368,100,True,0.07966780662536621
leadingones,two_point,100,5,25,32,9980,399,100,True,0.08576512336730957
leadingones,two_point,100,5,25,33,8455,338,100,True,0.072235107421875
leadingones,two_point,100,5,25,34,9580,383,100,True,0.08108901977539062
leadingones,two_point,100,5,25,35,9380,375,100,True,0.07961702346801758
leadingones,two_point,100,5,25,36,10130,405,100,True,0.08490395545959473
leadingones,two_point,100,5,25,37,11255,450,100,True,0.0964510440826416
leadingones,two_point,100,5,25,38,11980,479,100,True,0.10187864303588867
leadingones,two_point,100,5,25,39,13330,533,100,True,0.11305403709411621
leadingones,two_point,100,5,25,40,8230,329,100,True,0.07048821449279785
leadingones,two_point,100,5,25,41,7605,304,100,True,0.06427526473999023
leadingones,two_point,100,5,25,42,10980,439,100,True,0.0939781665802002
leadingones,two_point,100,5,25,43,8705,348,100,True,0.07276320457458496
leadingones,two_point,100,5,25,44,8580,343,100,True,0.0732431411743164
leadingones,two_point,100,5,25,45,9605,384,100,True,0.08190727233886719
leadingones,two_point,100,5,25,46,9555,382,100,True,0.0816032886505127
leadingones,two_point,100,5,25,47,11480,459,100,True,0.0991971492767334
leadingones,two_point,100,5,25,48,9005,360,100,True,0.07808518409729004
leadingones,two_point,100,5,25,49,8780,351,100,True,0.07598519325256348
leadingones,three_point,100,5,25,0,10280,411,100,True,0.09758901596069336
leadingones,three_point,100,5,25,1,9305,372,100,True,0.0848541259765625
leadingones,three_point,100,5,25,2,8430,337,100,True,0.07844710350036621
leadingones,three_point,100,5,25,3,9180,367,100,True,0.08626294136047363
leadingones,three_point,100,5,25,4,10080,403,100,True,0.09305119514465332
leadingones,three_point,100,5,25,5,9380,375,100,True,0.0886998176574707
leadingones,three_point,100,5,25,6,8705,348,100,True,0.08125686645507812
leadingones,three_point,100,5,25,7,10980,439,100,True,0.1020810604095459
leadingones,three_point,100,5,25,8,9080,363,100,True,0.08458876609802246
leadingones,three_point,100,5,25,9,9080,363,100,True,0.08466386795043945
leadingones,three_point,100,5,25,10,14305,572,100,True,0.13390493392944336
leadingones,three_point,100,5,25,11,7455,298,100,True,0.06914997100830078
leadingones,three_point,100,5,25,12,10155,406,100,True,0.09398603439331055
leadingones,three_point,100,5,25,13,10555,422,100,True,0.09878706932067871
leadingones,three_point,100,5,25,14,9880,395,100,True,0.09278488159179688
leadingones,three_point,100,5,25,15,7230,289,100,True,0.06820082664489746
leadingones,three_point,100,5,25,16,7005,280,100,True,0.06564998626708984
leadingones,three_point,100,5,25,17,9280,371,100,True,0.08682632446289062
leadingones,three_point,100,5,25,18,9105,364,100,True,0.08461380004882812
leadingones,three_point,100,5,25,19,9530,381,100,True,0.08999490737915039
leadingones,three_point,100,5,25,20,11930,477,100,True,0.14105820655822754
leadingones,three_point,100,5,25,21,11955,478,100,True,0.11223292350769043
leadingones,three_point,100,5,25,22,10605,424,100,True,0.09926724433898926
leadingones,three_point,100,5,25,23,9305,372,100,True,0.08678126335144043
leadingones,three_point,100,5,25,24,8255,330,100,True,0.07678604125976562
leadingones,three_point,100,5,25,25,7755,310,100,True,0.07315897941589355
leadingones,three_point,100,5,25,26,9305,372,100,True,0.08595991134643555
leadingones,three_point,100,5,25,27,11480,459,100,True,0.1073768138885498
leadingones,three_point,100,5,25,28,10330,413,100,True,0.09643197059631348
leadingones,three_point,100,5,25,29,10980,439,100,True,0.10379290580749512
leadingones,three_point,100,5,25,30,10705,428,100,True,0.10054492950439453
leadingones,three_point,100,5,25,31,9030,361,100,True,0.08489489555358887
leadingones,three_point,100,5,25,32,7880,315,100,True,0.07356619834899902
leadingones,three_point,100,5,25,33,7530,301,100,True,0.07023382186889648
leadingones,three_point,100,5,25,34,7130,285,100,True,0.06639814376831055
leadingones,three_point,100,5,25,35,9180,367,100,True,0.08585715293884277
leadingones,three_point,100,5,25,36,8880,355,100,True,0.08296704292297363
leadingones,three_point,100,5,25,37,6455,258,100,True,0.06131386756896973
leadingones,three_point,100,5,25,38,6930,277,100,True,0.06425189971923828
leadingones,three_point,100,5,25,39,10605,424,100,True,0.09923386573791504
leadingones,three_point,100,5,25,40,9080,363,100,True,0.08513808250427246
leadingones,three_point,100,5,25,41,13630,545,100,True,0.1274418830871582
leadingones,three_point,100,5,25,42,9780,391,100,True,0.09006476402282715
leadingones,three_point,100,5,25,43,7005,280,100,True,0.06420207023620605
leadingones,three_point,100,5,25,44,11230,449,100,True,0.10630416870117188
leadingones,three_point,100,5,25,45,9505,380,100,True,0.08921194076538086
leadingones,three_point,100,5,25,46,9680,387,100,True,0.08960700035095215
leadingones,three_point,100,5,25,47,7330,293,100,True,0.06881189346313477
leadingones,three_point,100,5,25,48,7105,284,100,True,0.06608891487121582
leadingones,three_point,100,5,25,49,8030,321,100,True,0.07583427429199219
leadingones,four_point,100,5,25,0,10430,417,100,True,0.09991884231567383
leadingones,four_point,100,5,25,1,8905,356,100,True,0.08440494537353516
leadingones,four_point,100,5,25,2,8930,357,100,True,0.08627581596374512
leadingones,four_point,100,5,25,3,6380,255,100,True,0.06082582473754883
leadingones,four_point,100,5,25,4,9955,398,100,True,0.09749412536621094
leadingones,four_point,100,5,25,5,9980,399,100,True,0.09628605842590332
leadingones,four_point,100,5,25,6,7705,308,100,True,0.0739438533782959
leadingones,four_point,100,5,25,7,11705,468,100,True,0.1124420166015625
leadingones,four_point,100,5,25,8,9655,386,100,True,0.09165287017822266
leadingones,four_point,100,5,25,9,10305,412,100,True,0.10265111923217773
leadingones,four_point,100,5,25,10,9880,395,100,True,0.1029200553894043
leadingones,four_point,100,5,25,11,8355,334,100,True,0.08446884155273438
leadingones,four_point,100,5,25,12,9030,361,100,True,0.09317398071289062
leadingones,four_point,100,5,25,13,13705,548,100,True,0.14208292961120605
leadingones,four_point,100,5,25,14,11830,473,100,True,0.11828207969665527
leadingones,four_point,100,5,25,15,9305,372,100,True,0.0949242115020752
leadingones,four_point,100,5,25,16,8430,337,100,True,0.08151078224182129
leadingones,four_point,100,5,25,17,8655,346,100,True,0.08241415023803711
leadingones,four_point,100,5,25,18,9305,372,100,True,0.08872294425964355
leadingones,four_point,100,5,25,19,9130,365,100,True,0.08610701560974121
leadingones,four_point,100,5,25,20,10530,421,100,True,0.10017514228820801
leadingones,four_point,100,5,25,21,8780,351,100,True,0.08474111557006836
leadingones,four_point,100,5,25,22,13655,546,100,True,0.12785792350769043
leadingones,four_point,100,5,25,23,10530,421,100,True,0.10027170181274414
leadingones,four_point,100,5,25,24,10630,425,100,True,0.10125899314880371
leadingones,four_point,100,5,25,25,8355,334,100,True,0.0805518627166748
leadingones,four_point,100,5,25,26,8755,350,100,True,0.08436203002929688
leadingones,four_point,100,5,25,27,9405,376,100,True,0.08993411064147949
leadingones,four_point,100,5,25,28,8230,329,100,True,0.07818078994750977
leadingones,four_point,100,5,25,29,10130,405,100,True,0.09672784805297852
leadingones,four_point,100,5,25,30,7730,309,100,True,0.0732879638671875
leadingones,four_point,100,5,25,31,11705,468,100,True,0.11284375190734863
leadingones,four_point,100,5,25,32,8555,342,100,True,0.08135700225830078
leadingones,four_point,100,5,25,33,12755,510,100,True,0.12281394004821777
leadingones,four_point,100,5,25,34,8680,347,100,True,0.0834648609161377
leadingones,four_point,100,5,25,35,9380,375,100,True,0.0898752212524414
leadingones,four_point,100,5,25,36,8430,337,100,True,0.07997918128967285
leadingones,four_point,100,5,25,37,6680,267,100,True,0.06322193145751953
leadingones,four_point,100,5,25,38,9005,360,100,True,0.08671998977661133
leadingones,four_point,100,5,25,39,10305,412,100,True,0.10210776329040527
leadingones,four_point,100,5,25,40,8155,326,100,True,0.08039498329162598
leadingones,four_point,100,5,25,41,11405,456,100,True,0.11211395263671875
leadingones,four_point,100,5,25,42,9005,360,100,True,0.08723998069763184
leadingones,four_point,100,5,25,43,9455,378,100,True,0.0903010368347168
leadingones,four_point,100,5,25,44,11230,449,100,True,0.10981488227844238
leadingones,four_point,100,5,25,45,8155,326,100,True,0.07910609245300293
leadingones,four_point,100,5,25,46,6980,279,100,True,0.06754875183105469
leadingones,four_point,100,5,25,47,7530,301,100,True,0.0742189884185791
leadingones,four_point,100,5,25,48,10155,406,100,True,0.09965109825134277
leadingones,four_point,100,5,25,49,9180,367,100,True,0.08992385864257812
leadingones,uniform,100,5,25,0,7755,310,100,True,0.09462904930114746
leadingones,uniform,100,5,25,1,9405,376,100,True,0.11315107345581055
leadingones,uniform,100,5,25,2,8680,347,100,True,0.10558485984802246
leadingones,uniform,100,5,25,3,9580,383,100,True,0.11870479583740234
leadingones,uniform,100,5,25,4,9105,364,100,True,0.11038374900817871
leadingones,uniform,100,5,25,5,9630,385,100,True,0.11826515197753906
leadingones,uniform,100,5,25,6,11755,470,100,True,0.14426088333129883
leadingones,uniform,100,5,25,7,9755,390,100,True,0.11872410774230957
leadingones,uniform,100,5,25,8,8805,352,100,True,0.10871291160583496
leadingones,uniform,100,5,25,9,10430,417,100,True,0.12694907188415527
leadingones,uniform,100,5,25,10,9455,378,100,True,0.11689496040344238
leadingones,uniform,100,5,25,11,11230,449,100,True,0.13883590698242188
leadingones,uniform,100,5,25,12,10605,424,100,True,0.13062095642089844
leadingones,uniform,100,5,25,13,9455,378,100,True,0.11690497398376465
leadingones,uniform,100,5,25,14,8255,330,100,True,0.10062003135681152
leadingones,uniform,100,5,25,15,10705,428,100,True,0.1316680908203125
leadingones,uniform,100,5,25,16,13505,540,100,True,0.1661980152130127
leadingones,uniform,100,5,25,17,9605,384,100,True,0.11740493774414062
leadingones,uniform,100,5,25,18,8530,341,100,True,0.10403895378112793
leadingones,uniform,100,5,25,19,9305,372,100,True,0.11365795135498047
leadingones,uniform,100,5,25,20,10230,409,100,True,0.12401390075683594
leadingones,uniform,100,5,25,21,7180,287,100,True,0.08758711814880371
leadingones,uniform,100,5,25,22,10930,437,100,True,0.13291001319885254
leadingones,uniform,100,5,25,23,8005,320,100,True,0.09609818458557129
leadingones,uniform,100,5,25,24,9330,373,100,True,0.11069703102111816
leadingones,uniform,100,5,25,25,8255,330,100,True,0.09947371482849121
leadingones,uniform,100,5,25,26,10705,428,100,True,0.13026690483093262
leadingones,uniform,100,5,25,27,8130,325,100,True,0.10220599174499512
leadingones,uniform,100,5,25,28,7655,306,100,True,0.1151878833770752
leadingones,uniform,100,5,25,29,12005,480,100,True,0.14690113067626953
leadingones,uniform,100,5,25,30,9205,368,100,True,0.11031508445739746
leadingones,uniform,100,5,25,31,8405,336,100,True,0.10286402702331543
leadingones,uniform,100,5,25,32,8830,353,100,True,0.10832500457763672
leadingones,uniform,100,5,25,33,11980,479,100,True,0.1465141773223877
leadingones,uniform,100,5,25,34,8605,344,100,True,0.10503411293029785
leadingones,uniform,100,5,25,35,8380,335,100,True,0.1004037857055664
leadingones,uniform,100,5,25,36,12405,496,100,True,0.15195894241333008
leadingones,uniform,100,5,25,37,8605,344,100,True,0.10595321655273438
leadingones,uniform,100,5,25,38,9830,393,100,True,0.12063479423522949
leadingones,uniform,100,5,25,39,7230,289,100,True,0.08821582794189453
leadingones,uniform,100,5,25,40,7830,313,100,True,0.09583902359008789
leadingones,uniform,100,5,25,41,10680,427,100,True,0.13091588020324707
leadingones,uniform,100,5,25,42,9030,361,100,True,0.11068391799926758
leadingones,uniform,100,5,25,43,7980,319,100,True,0.09663510322570801
leadingones,uniform,100,5,25,44,10930,437,100,True,0.13566303253173828
leadingones,uniform,100,5,25,45,10030,401,100,True,0.12319588661193848
leadingones,uniform,100,5,25,46,10855,434,100,True,0.13241910934448242
leadingones,uniform,100,5,25,47,8305,332,100,True,0.1012411117553711
leadingones,uniform,100,5,25,48,7705,308,100,True,0.0948629379272461
leadingones,uniform,100,5,25,49,12505,500,100,True,0.15018773078918457
